ERROR,STD_SMILES
COccccC=CSC=S)NCC=O)O)))C5=O)))))))cc6OCccccCl)cc6Cl,CCccccOC))cC)c6
CS=O)=O)cccccS=O)=O)ccccNC=O)CCC3ccccnc6)))))))))))cc6)))))))c6,CNccccS=O)=O)cccccSC)=O)=O))c6)))))))cc6
Ncccccc6NC=O)ccccCNC=O)ccccnccc6[nH]9))))))))))))cc6,CC=O)ccccnccc6[nH]9
CcncC)cC=Ccccccc6Cl)))))))))nc6C,CCcccccc6Cl
COccc-ccccF)cF)c6))))))cF)cc6-nccccc6=O))))CNS=O)=O)Nccccnn6))))))))CC6,COcccC)cF)cc6C
O=CNCCcc[nH]cccccc96))))))))))))cccco5,CNCCcc[nH]cccccc96
O=CNCCCNCCNcccccc6OCC5)))))))))CC6))))))))))ccnnccccc96,CC=O)ccnnccccc96
COccccccCC)C=O)OCCSC)=O)=O)))))))ccc6c%10,COCCSC)=O)=O
CcccS=O)=O)O))cC)n5-ccccF)cc6,CccccF)cc6
Cccsc=NCCCCCC6)))))))n5N=CccccO)cO)c6O,CN=CccccO)cO)c6O
Cnnccc5-ccccOccccS=O)=O)Ncnccs5)))))))cc6C#N)))))))))cn6,CccccSC)=O)=O))cc6C#N
COccccCO)ccc-cncncccNCCOCC6))))))ccc%106))))))))))cF)cc6Cl))))))))nn6,COccccCO)cccC)cF)cc6Cl))))))))nn6
Ccccccc6NCC=O)NN=Ccccc[nH]5,Ccccccc6C
CC=O)Nccccc-cccncncSCC=O)O))))c6s9)))))))))c6,CC=O)CScncncccC)sc95
CCCCCCCCCCCCCCCCCC=O)OCCC=O)O)))C[N+]C)C)C.[Cl-],CCCCCCCCCCCCCCCCCCC)=O
ccsc-ccncscNCCCCOCC6))))))))nn85))))))))c5,CcnncC)cnc5s8
CCC)COcncc-ccnC)cccC=O)NS=O)=O)NC)C)))))ccc96)))))))))cc6Cl,CC=O)cccccC)cnC)c5c9
Ncnc-cccccn6))))))ncN)c6CccccCl)cc6Cl,CcncN)cCccccCl)cc6Cl))))))))cN)n6
CnccNcnccCl)cNCCCCCC5)C6CN)=O)))))))))n6)))))))cn5,CCCCCCC5)C6CN)=O
Cc[nH]n-cccccc6))))))c=O)c5C=NNC=O)cccccc6O))))))))))cccccc6,CC=O)cccccc6O
O=CO)CC=CCCCO)CCO)C5C=CCO)COcccccCF)F)F))c6,CcccccCF)F)F))c6
CCCCOCCnccC=O)NCccccF)cc6F))))))))))c=O)cO)c6C=O)N%14%10,CC=O)ccnccO)c6=O)))C=O)NCC)CCOC6C%10
CCOCCCNC=S)SSC=S)NCCOCCOCC))))C6))))))))))CCO6,CCOCCCNC)CCO6
CScnc-cccOCCNCCCC5))))))))cCl)cc6Cl)))))))ccC#N))c[nH]c5n9,CcccC)cCl)cc6Cl
COcccccOC))c6OC))))-ccccO)cc6CNCC)=O)))CC%11,CNCCCcccOC))cOC))cOC))c6-ccccO)cc6%15
Ccccc-cncCS=O)CC=O)NCCCCCC6)))))))))))cC)o5)))))cc6,CC=O)CS=O)CcncC)oc5C
CCOCC)C)C)))CNC=O)OCcccccc6))))))))))C=O)O,CCcccccc6
COcccccCCcccccc6OCCNCCNccccF)cc6))))))CC6)))))))))))))))))c6,CccccF)cc6
CCOC=O)CCccnC)cccccc96))))))))))NC=O)CN)CCC)C.Cl,CNCCccnC)cccccc96))))))))))CC)=O
CCCCCCC=O)ccccF)cc6)))))))NCCCC5,CCCCCCC)C=O)ccccF)cc6
CccccC=CSC=S)NNS=O)=O)cccccc6))))))))C5=O)))))))cc6C,CCccccC)cC)c6
BrccBr)cccncNCCNCC6))))))n5CCC9))))))c6Br,CNCCNCC6
COcccncncNccccC)cO)c6)))))))c6cc%10OC,COcccncncC)c6cc%10OC
CCOC=O)CCcccccccCN)N))cc6c%10)))))))))))ccccOCCCNC5))))))cc6,CC=O)CCcccccccCN)N))cc6c%10)))))))))))ccccC)cc6
CNC)CCCCCC6NC=O)cccco5))))))cccccc6,CCCCCCC6NC)C
O=CCCl)=CNCCcc[nH]cccccc96))))))))))C=O)O))))C=O)cccccc6%10,CO
Cnnc-ccccC=O)NCCCO)CC6)))))))s5)))))cc5CF)F)F,CcccCF)F)F))nC)n5
NC=O)NO)CCOcccccc6)CCNCcccc-ccccF)cc6))))))cc6)))))))C6=O,Ccccccc6)CCNC)C6=O
COcccncNCCCNCCNC)CC6))))))))))nnc-cccccc6))))))nc5c9cc%13OC,CCCCNcncccOC))cOC))cc6cncC)nn%135
O=CCScnnnn5-cccccc6)))))))))))))NCCcccccc69,CC=O)CScnnnn5C
COcccccOC))c6CNCCCNC=O)CCCS))))))CC6,CNCCCNC)CC6
N#CCNC=O)CNC=O)cccccc6))))))))CCCCC6,CC=O)cccccc6
CNC)C=O)ccccncNccccNCCNCC6))))))cn6)))))))nc6n9CCCCC5.Cl,CNCCNCC6
Cnnccc5-ccccOccccS=O)=O)Ncnccs5)))))))cc6C#N)))))))))cc6,CccccSC)=O)=O))cc6C#N
CCccccOCC=O)NccccF)c[N+]=O)[O-]))c6))))))))))cc6,CNccccF)c[N+]=O)[O-]))c6
O=ccNCCCC5)))))cO)ccccnc6n%10-cccccc6,Ccccccc6
CCCNCCCCCCCCNC=O)Occcccc6)CC)CCNC)C5N8C)))))))))))))))))))))))CCC)O6,Ccccccc6)CC)CCNC)C5N8C
O=CO)CF)F)F.cccc-ccccNCCCNCC5C8))))))))nc6))))))cc6,CNCCCNCC5C8
CS=O)=O)NCCCcccc-cccnccnc6cNCCCNCCO6))))))))n%10))))))))))cc6))))))CC6,Ccccnccnc6cC)n%10
CCC)ncccS=O)=O)NC=O)Ncccccc6CCC5))))))CCC5))))))))))n5,CNcccccc6CCC5))))))CCC5
Ccccccc6NcnccccNC)C=O)C=CCNC)C)))))))cc6ncncc%135,CCCC)=O
O=CNCccccCl)cc6)))))))cccccc6C9O)cccccc6)OCCCO7,CNC=O)CO)cccccc6)OCCCO7))))))))))cccccc69
CNC)C=NccC#N))cnn5-ccccF)cCl)c6,CccccF)cCl)c6
C=CC=O)NCCCNccc-cccccNC=O)ccccNC)C))cc6))))))))c6C)))))))cnC)c6=O)))))))CC6,CNcccccC)c6C
CS=O)=O)NCC=O)NCCF)F)F))))))cccccc6Cl,Ccccccc6Cl
COCcnnCccccCnccccc6=O))))))))cc6)))))))cc5C=O)NCcncccOC))c6F,CCccccCC))cc6
CC=O)NccccO)cSCCNCC)=O)))C=O)O)))))c6,CNccccO)cSCCNC))CC)=O)))))c6
CNCCNcncncc6[nH]ccccCl)cc69)))))))))))))CC6,Ccncncc6[nH]ccccCl)cc69
CNC)CCCCCCOcccc-nccnc5)))))cc6.Cl.Cl,CccccC)cc6
CCC=O)Ncccccc6))))))CCCNCCO)ccccs5)))))))CC6.Cl,CCCC)=O
O=CO)cccccc6)C=O)NCCccccO)cc6)))))))C=O)O)))C5=O,CC=O)CC)CccccO)cc6
CCC)OCCCOccnccnnc-ccccOCF)F)))cc6))))))n95)))))))))))cccccc6))))))CO6,CCCcccccc6))))))COCC)C)OC6
CcccCF)F)F))nn5CC=O)Ncsccc5CN)=O)))CCCC6,CNcsccc5CN)=O)))CCCC6
[H]C[H])[H])C[H])[H])OC=O)cncnc5CNC)C=O)cccF)ccc6-%11,CC=O)cncnc5CNC)C=O)cccF)ccc6-%11
CCOC=O)ccscNcnccccF)cc6s9))))))))))n5,CcnccccF)cc6s9
CC=O)NC=NC=O)C=Ccccc-cccccCl)c6))))))o5))))))S5,CCccccC)o5
CNC)C=O)NCCCCCCCNCCNcccccCl)c6Cl)))))))CC6))))))))C6.Cl,CNCCNC)CC6
COcccccc[n+]cc6c%10OCCCOcccccc6))))))))))))))CCcccccc6-%10))OCO5,CCCCOccOC))ccccc[n+]cc%106))CCcccccc6-%10))OCO5
COC=O)cccccNC=O)CCOcccccc6O%10))))))))))))c6,CNcccccCC)=O))c6
O=c[nH]ccnc-ncnccccF)cc69)))))))))nc6n9CCCOCC6,Ccncc[nH]c=O)nC)c5n9
O=CO)cccc-cnoc-cccccCl)c6))))))n5)))))cc6,CC=O)ccccC)cc6
O=CNCCC3ccnc[nH]5)))))))))OCCCCCCC6,COCCCCCCC6
C=CC=O)NCCOccccc[nH]c-cn[nH]ccc-ccn[nH]c5)))))ccc96)))))))))cc95,CcccccC)n[nH]c5c9
ClccccCCNCccc-ccccncnn5c9)))))))))ccc6%10))))))))))cc6Cl,Ccccccc6)CNCC6ccccCl)cCl)c6
C=CCCO)CCC=CCCCC=O)O))))))))C5C=CC=O)CCCCC,C=CCCO)CCCC)))C5CC
CCC)C)OC=O)NCCNS=O)=O)ccccNC=O)C=CCl)))))cc6)))))))CC6,CNccccSC)=O)=O))cc6
[H]C[H])NCCOCC=O)O))))))C[H])[H])C[H])[H])NCcccccc6))))))ccccCl)cc6)))))))C6[H])[H],CCcccccc6))))))ccccCl)cc6
CCOC=O)C=CC)NC=S)NC6ccccOC))cOC))c6,COccccCNC=S)NCC)=C6CC)=O))))))))cc6OC
O=CO)ccnCCC3)))ccCl)cNCCCCCNC6C9)))))))))cF)cc6c%10=O,CC=O)ccnC)ccCl)cC)cF)cc6c%10=O
COccccC=CC=O)NCCOCC6))))))))ccccF)cc6)))))))cc6OC,COccccCC)ccccF)cc6)))))))cc6OC
O=CO)CCCNC=O)ccCl)cccc6Cl)))))))))C=O)O,CC=O)ccCl)cccc6Cl
CCC)CNC=O)ccc-ccccF)cc6))))))nn5CCCCCF)))))))))))))CN)=O,CccccF)cc6
CCOcccCC)=O))cc-ccC)noc5C))))))c6,CcnocC)c5C
cc[nH]cNccccNccccNcncc[nH]5))))))cc6)))))))cc6)))))))n5,Ccncc[nH]5
Cl.O=Cccc-ccccOCF)F)F)))cc6))))))ccc6OCCN%11Ccncccn6,Ccccccc6)C=O)NC)CCO7
O=CNCCccccI)cc6)))))))C=O)O))))OCCcccccc6-cccccc6%13,CNCCccccI)cc6)))))))CC)=O
COCCNCCNC=O)NccC)c-ccnnC)c5)))))nn5-cccccc6))))))))))))))CccccF)cc6))))))C5,CNCCNC)CC5ccccF)cc6
CNCCNCC=CC=O)NccccNccccCcccccn6)))))))cc6)))))))ncnc6cn%10)))))))))))))))CC6,CNccccC)ncnc6cn%10
COcccc-ccC)nncCF)F)F))ccC)nc96)))))))))cF)c6F,COccccC)cF)c6F
CCCOCCCccccCl)cc6))))))))Cnccnc5))))))O5,CCCCCccccCl)cc6))))))))OCCC)O5
OCcccco5)))))CCNCcccccc6))))))cccccc6)))))))CC6,CCcccccc6))))))cccccc6
O=CNCCccccF)cc6)))))))C=O)O))))OCCcccccc6-cccccc6%13,CCCcccccc6-cccccc6%13
CCN)C=O)Ncnccs5)CCcccccc6-%10,CNcnccs5)CCcccccc6-%10
CCCCCC=O)CCCC=O)CCO)C5CC=CCCCC=O)O,CCCCCC=O)CCCC=O)CCO)C5CCC
COccccCCC)NCCO)cccO)ccO)c6)))))))))))cccccc%106,COccccCCC)C)))cccccc%106
O=CNCCCNCcccccBr)c6)))))))CC6)))))))ccccccccc6c%10,CC=O)ccccccccc6c%10
C=CC=O)NCCCCnnc-cccccc6))))))ccN)ncnc69)))))))))C6,CcnnC)cncncN)c96
ccccNCCNCccn-cccccc6))))))nn5))))))CC6))))))cc6,CCccnC)nn5
COcccccc6CNC=O)ccncccccn6c%10=O,CC=O)ccncccccn6c%10=O
CCcncsccNCCNC)C)))))ncnc6c9cc%13CCCC6,CCcncsccC)ncnc6c9cc%13CCCC6
CNCCCC3Occcccccccc%106)))))))))))ccccs5,Ccccccccccc%106
N#CCccccCl)cc6))))))ccCl)cc-nncc=O)[nH]c6=O)))))))cc6Cl,CcccCl)cCC#N))ccccCl)cc6)))))))cCl)c6
Ccccc-cnncNC=O)cccccc6))))))))s5)))))cc6,CC=O)cccccc6
O=CCCccccO)cc6)))))))NC=O)CCcccccc6)))))))NC=O)OCcccccc6,CNCC=O))CccccO)cc6
COccccCCNC)CcccOCCCNCCOCC6))))))))))ccc6%10))))))))))cc6,COccccCCNC)CcccC)ccc6%10))))))))))cc6
CcncccNS=O)=O)cccccCl)c6C)))))))))ccc6s9,CccccscC)nc5c9
O=cccccn6-ccccNCCCCNcnccOCF)F)))cn6)))))))C5))))))nc6,CccccC)nc6
O=CNCcccccc6))))))))CCCCN5cncc=O)nCCO)))cCF)F)F))nc6s9,Ccncc=O)nC)cCF)F)F))nc6s9
Cc[nH]cC=CC=O)Nccc-cccccc6))))))ccc69))))))))))cC)c5CCC=O)O,Ccccccc6)NC=O)C5C
CCNC=O)C=O)CCccccs5))))))NC=O)CNC=O)CCCCCCCSS5)))))))))))CC)C,CCNC
N#CC=CCCC3))))C=O)NCCCCnnc-cccccCF)F)F))c6))))))ccN)ncnc69)))))))))C6,CcccccCF)F)F))c6
COccccCCC)NCC)CCCC)C))))))))cc6OC,COccccCCC)C)))cc6OC
O=S=O)Ncncccn6)))))))cccF)cOCCCNCCC6ccccCl)cc6))))))))))))))cc6F,CCCCNCCC6ccccCl)cc6
N=cnCCO)))cccccc6n9CCOccccF)cc6,CCCOccccF)cc6
CCOC=O)C=CCOCCC))CC))))CNCC)=O)))CN)C6,CCC)=O
COcccC)cS=O)=O)NC)CCOCC=O)NCCNCCCNC)CC6))))))CC6)))))))))))))cC)c6,COcccC)cSC)=O)=O))cC)c6
ccncc-cncNCCCCCC6)))))))cccccc6n%10))))))))))c6,CcncC)cccccc6n%10
O=S=O)ccccccccnc%106))))))))))NCCNcccccc6))))))CC6,CS=O)=O)ccccccccnc%106
Cccc=O)occcOCC=O)Ncccccc6CC9C)))))))))))))ccc%106,CcccccC)cc=O)oc6c%10
CCCOC=O)cscC=O)OCCC)))))cO)c5O,CCCOC
Cccccc-cncCS=O)CC=O)NCCCCCC6)))))))))))cC)o5)))))c6,CC=O)CS=O)CcncC)oc5C
O=CNCcccccc6))))))))ccccoc=O)cS=O)=O)cccccc6)))))))cc6c%10,CC=O)ccccoc=O)cS=O)=O)cccccc6)))))))cc6c%10
CC=O)NCC=O)NCCO)CC5C=O)NCcccc-cscnc5C))))))cc6)))))))))))))))CC)C)S,CNCccccC)cc6
[H]C[H])[H])NCC=CC=O)NccccNccccF)cCl)c6)))))))ncnc6cc%10OCCCOC5)))))))))))))))))))))C[H])[H])[H],CNccccC)ncnc6cc%10C
Fcccc-ccnccCCCCCC6N5)))))))c6))))))cc6,CccnccCCCCCC6N5)))))))c6
O=CNCccccCl)cc6))))))))ccO)cccccc6nc%10=O))CCC6,CC=O)ccO)cccccc6nc%10=O))CCC6
O=CcccccCl)c6Cl)))))))NCCCCC3)))))CCCNC5,CC=O)cccccCl)c6Cl
CC=O)NCCcc[nH]ccccOCCO))))cc96,CNCCcc[nH]ccccC)cc96
CccCncC)nnc=O)ccNCCOCC)C6))))))nc96))))))))))cccc6CF)F)F,CCcccccCF)F)F))c6C
[H]C[H])[H])NCCCCCCCC6C%10CccccO)cc6%14,CNCCCCCCCC6C%10CccccO)cc6%14
CNCCCncnc-ccccF)cc6))))))c5-cccncNCCO))))n6)))))))))))CC6,CccccF)cc6
NCCcc[nH]cccccc96))))))))))C=O)NCCC=O)Ncccncccccc%106)))))))CCCC6,CC=O)CN)Ccc[nH]cccccc96
CCcncC=CC=O)NC)ccccC=O)CCl)))cc69))))))))))cC)[nH]5.Cl,CCC=O)NC)ccccC=O)CCl)))cc69
COcccccNC=O)CScncn[nH]cC)c5c=N)n9-cccccc6C))))))))))))))))))))c6,Ccccccc6C
O=CNCCccccO)cc6)))))))C=O)O))))cccc-ccccCF)F)F))cc6))))))cc6,CccccCF)F)F))cc6
CCNCC))ccccNC=O)ccccs5)))))))cc6,CCNCC))ccccNC))cc6
C=CC=O)NcccccNC=O)NcccncNccccC=O)NCC))CC))))cc6OC)))))))))n6)))))))))c6,COcccCC)=O))ccc6C
CCCO))NC=O)ccc-ccccCl)cc6))))))nn-ccnnC)c5)))))c6=O,CC=O)cccC)nnC)c6=O
CCC)NC=O)ccccCl)cCl)c6)))))))CCCCCC6NC)C,CC=O)ccccCl)cCl)c6
CCNCC))C=O)CC=Ccccccc6ccn5C=O)CCC3))))))CC%10NC)C%14,CC=O)CC=Ccccccc6ccn5C)))CC%10NC)C%14
CccccCnncccNCCNcccccc6C)))))))CC6))))))ncnc69))))))))))cc6,CCccccC)cc6
CccccC=CCNCCCC5)))))))cccccC=CC=O)O))))n6)))))))cc6,CCC=CccccC)cc6))))))cccccCC))n6
CCC)CCNC=O)OCcccccc6))))))))))C=O)NCCcccccc6)))))))C=O)NCC=O))CCSC)=O,CNCCCC)C)))CC)=O
FCF)F)Occcc-cccnnccc5c9)))))))))cc6,Ccccnnccc5c9
COcccncNcccccc6C))))))))ccncn5c9cc%13NC=O)C=CCNC)C,CCCC)=O
CCC=O)NcccccNC=O)cccccc6Cl)))))))))c6,CC=O)cccccc6Cl
CNCCCncncn5))))))CCccccc[nH]ccc95)CC%11%15,CCCCCccccc[nH]ccc95)CC%11NC)C%15
COcccncncNccccF)cCl)c6)))))))c6cc%10NC=O)CCOC=O)N5,CNccccC)ncnc6cc%10OC
Clcccccc6)Ccccccc6Cl)))))))=NCcnnc-cccncc6))))))n5-%10,Ccnncn5-ccccCl)cc6Ccccccc6Cl)))))))=NC%11
CCC)cnccCO)CCCNCCNC=O)CNcncnccccCF)F)F))cc%106))))))))))))))C4))))CC6))))))s5,CcncnccccCF)F)F))cc%106
CS=O)=O)NcccCO)CNCCcccccc6)))))))ccccOCF)F)))cc6))))))))))ccc6O,CccccCC)Ccccccc6))))))))cc6
CCC)CNcccCl)cc[nH]ncc95)))))))))CCC6NC=O)NC5=O,CNCCCNC=O)NC5=O)))))CC)C)C6
COcccc-ccnc[nH]ccC#Cccccnc6))))))))c5c9)))))))))cc6OC,Cccnc[nH]ccC#Cccccnc6))))))))c5c9
O=CNcccncc6)))))))Ncccc-cncNCCOCC6))))))ncNCCCC5COC7))))))))n6))))))cc6,CNccccC)cc6
CccF)cccc6NC=O)NccccCl)cS=O)=O)CCCCNC6)))))))c6O,CNccccCl)cS=O)=O)CCCCNC6)))))))c6O
CCOC=O)NccccNCccccCl)cc6))))))))nc6N,CCccccCl)cc6
CNcccOcccC=O)NcccNCCNC)CC6))))))ccCF)F)F))c6))))))))ccc6C))))))))ncn6,CC=O)ccccC)cC)c6
O=CNCCCNC=O)C=CC5=O))))))))C=O)OCcccccc6)))))))))))OCcccccc6,CCcccccc6
Cl.Cl.O=S=O)ccccccnccc%106))))))))))NCCCNCC7,CS=O)=O)ccccccnccc%106
N#CCNC=O)CNC=O)cccc[N+]=O)[O-]))cF)c6))))))))CCCCC6,CC=O)cccc[N+]=O)[O-]))cF)c6
O=CCSccccCl)cc6))))))))NCCOCC6,CC=O)CSccccCl)cc6
C=CC=O)NCCNcccnccc-ccC)ccc[nH]ncc95)))))))))cCl)cc%106))))))))OCCC7C%11,Ccccc[nH]ncc5c9C
O=CNCCCCOCC6))))))))ccnccnnc-ccccOCF)F)))cc6))))))n95,CC=O)ccnccnncC)n95
O=S=O)cccccc6CN9cccF)ccOccccnc6)))))))c6,CNCcccccc6S9=O)=O
CCCCCC=O)CCCCO)CCO)C5CC=CCCCC=O)O,CCCCCC=O)CCCCO)CCO)C5CCC
Occcc-ccsc-cc[nH]cccccc96)))))))))n5)))))cc6O,CccccO)cO)c6
O=CNCCnnccn5))))))CF)F)CO)))))cccccF)c6-ccc-ccccF)cc6))))))n[nH]5,CC=O)cccccF)c6C
COccccncNC=O)C=O)CC=O)ccccCl)cc6)))))))))))sc5c9,CC=O)C=O)CC=O)ccccCl)cc6
CCOC=O)Ccnc-ccccCl)cc6))))))oc5-cccco5,CC=O)CcncC)oc5C
CC=O)NccccC=NccccCl)cc6OC%10))))))))))cc6,CNccccC=NccccCl)cc6OC%10))))))))))cc6
CCC)C)CNC=O)ccnCCCCCF))))))cccccc96)))))))))))C=O)O,CC=O)ccnC)cccccc96
CC=O)cccccNC=O)CNCCNS=O)=O)C=Ccccccc6)))))))))CC6)))))))))c6,CNcccccCC)=O))c6
CCCCCC)CCO)C=CCCO)CCC=CCCCCC=O)O))))))CC58,CCCCO)CCC=CCCCCCC)=O))))))CC58
CNC)CCC)C)OC=O)CO)cccccc6))))))cccccc6,CC=O)CO)cccccc6))))))cccccc6
CCCCCCCCCCCCCCCO)CO)CCO))NC=O)CCCCC,CCCCCCCCCCCCCCCO)CO)CCO))NC
CCNC=O)CCC3C)ccccCF)F)F))cc6)))))))))))cccF)cNSC)=O)=O)))cF)c6,CC=O)CCC3C)ccccCF)F)F))cc6
CCCccOCCCOcccccc6)OCC=O)O))CC6))))))))))))))cccCC)=O))c6OC,CCCCOcccccc6)OCCC)=O))CC6
CCC)C=O)Ncsccc5-cncccccc6[nH]9))))))))))CCCC6,CNcsccc5C))CCCC6
cccccc6)OCCCCNCCCCcccncNCCC3))))n6))))))C6))))))))O6,CCCCCOcccccc6O%10
CCCC)nc=N)cC=O)NCCCCCC6))))))))ccc=O)nccccc6nc%10%14,CNCCCCCC6
CCC)OC=O)CCC=CC=O)CCC6C)CCCCC)CCCC5CCC=O)O5)))))))C%146,CC=O)CCC=CC=O)CCC6C)CCCCC)CCCC5CCC=O)O5)))))))C%146
CCCCCCCF)C=CC=O)C=CC6C)C%10F)CO)CC%14C)C%17O)C=O)O,CC=O)CO)CC)CCCCCF)C=CC=O)C=CC6C)C%10F)CO)CC%14%17C
CCCCCccnC)cccC=O)NS=O)=O)CCC3))))))ccc96)))))))))C5,CC=O)cccccCCCCC)C5)))))cnC)c5c9
COccccS=O)=O)NCCCCNS=O)=O)ccccOCF)F)))cc6)))))))CC6)))))C4)))))cc6,COccccSC)=O)=O))cc6
COC=O)C=CC=O)NCCCCCCC6OC))COccO)cccc6C9%13CCNCCCC3))))C%17C8,CNCCCCCCC6OC))COccO)cccc6C9%13CCNC)C%17C8
CccccBOC=O)cncccc6O)))))))))ccccC)cCl)c6)))))))cc6Cl,CC=O)cncccc6O
CCCNCCCCC6)))))))C=O)ccccCO))cc6,CCCC)C=O)ccccCO))cc6
COcccC=CcncNCCCNC)C))))))cccccc6n%10))))))))))))ccOC))c6OC,CCcncC)cccccc6n%10
O=CccccF)cCl)c6))))))NCCCF)CNCCOcccccn6)))))))))))CC6,CC=O)ccccF)cCl)c6
CC=O)ccccC)cc6NCCN)=O))ccBr)cccc6Br,CC=O)ccccC)cc6C
CccC=O)C=Ccccccc6)))))))))[n+]=O)cccccc6n%10[O-],CCC=O)ccC)nC)cccccc6[n+]%10=O
Ncncccccc-ccccnccn5c9)))))))))cc%106,CccccccncN)c6c%10
CCCCC=O)O))))CCCCCCC=O)CCC=O)CCC6C)C%10CCC%17%14C,CC=O)CCCC)CCCCCCC=O)CCC=O)CCC6C)C%10CCC%17%14C
[H]C[H])CC=O)Ncnccccc-ccccCNCCS=O)=O)CC6)))))))cc6))))))n6n9)))))))))))C3[H])[H],CCccccC)cc6
O=ccccccc6sn9CCCCCCNCCCCC6,Cnscccccc6c9=O
C=CC=O)NCCNcncnccc-cccccc6O)))))))cCl)cc%106))))))))))CC6,CcccncncC)c6cc%10Cl
CNC=O)ccnccC=Ccccccc6C)))))))))c6,CCcccccc6C
C=CCOC=O)NCCC=O)O)))C=O)COcccccccc6cc%10-cncc[nH]5,Ccccccccc6cc%10C
COC=O)CNC=O)cnnCccccF)cc6)))))))cccccc96)))))))))))CC)C,CC=O)cnnC)cccccc96
CcccccCCNC=O)cccccc6C9C=O)NCccccOCF)F)F)))cc6))))))))))))))))))))n6,CC=O)Ccccccc6C=O)N9C
CCC=O)Ncccccc6))))))CCCNCC)Ccccccc6)OCC5))))))))))CC6,CCC)Ccccccc6)OCC5
O=CNCCCNC=O)CCl)))CC6)))))))cccCCC3)))on5,CC=O)cccCCC3)))on5
COccccNccBr)cccc6OCO5))))))))))ncnc6cc%10OCCCNCCOCC6,CCCCOcccncncC)c6cc%10OC
C=CC=O)Nccc-nc=O)ccC)ccncNccccNCCNC)CC6))))))cc6OC)))))))))nc6%10))))))))))ccc6C,CcncccC)cc=O)nC)c6n%10
CNCCCCC)O)cccccncNcccCF)F)F))ncc6F))))))))cc6n%10)))))))))))CC6,CcccncCC)O)CCCNC)CC6)))))))ccc6cn%10
N#CcccCNCCCNcncncscCl)cc95))))))))))CC6)))))))ccc6F.O=CO)C=CC=O)O,CCccccF)cC#N))c6
CNC=O)Ccccccc6))))))))CCNCCCC5))))))cccccc6.Cl,CC=O)Ccccccc6
CcccO)ccC)c6C=Cccncc-cnn[nH]n5)))))c6,CCccC)ccO)cc6C
O=CC=CNcccccc6Br))))))))))cccccn6,CC=CC=O)cccccn6
COccccNC=O)cccccccn6n9)))))))))))cc6,CC=O)cccccccn6n9
CcccC)ccCOcccccC)cCCC=O)O))))c=O)oc6c%10C)))))))))))))c6,CC=O)CCccC)ccccC)cC)c6oc%10=O
COCCCOCCN6C=S)SSC=S)NCCOCC6COC,COCCCOCCN6C
C=CCC)C)c[nH]cccccc6c9C=CNC=O)CC)NC6=O,C=CCC)C)c[nH]cccccc6c9CC
Cnnccc[nH]n-cccccF)c6))))))c=O)c5c-cccccCN)=O))c6))))))nc9%12,Ccncccnn5C))))c[nH]nC)c=O)c95
CCOcccccc6OCcccccc6))))))CCNCCO6.CS=O)=O)O,CCOcccccc6C
NccC=O)OCCCCCO5))))))))cncccccc6nc%10n%13-cccccc6)OCCO6,CC=O)ccN)nC)cncccccc6nc%13%10
O=CNcnn[nH]n5))))))NCCCNCcccccOccccCl)cc6)))))))c6)))))))CC5C8,CNCCCNC)CC5C8
CCCOCC=CCCC3)))))CF)F)F))cccccF)c6F)))))NC7=O,CCCCC3
CC=CCCO)CCCO))=CCCCC)C)C3OC=O)Ccccccc6)))))))))CCC)C7%12O)))))))))))C5=O,COCCCC)CO)CC=CCO))CCO)C=O)CC)=CC5%10))))))))C6C7C)C
CccccS=O)=O)Ccnc-ccccC=O)NCccccnc6)))))))))cc6))))))oc5C))))))))cc6,CccccS=O)=O)CcncC)oc5C))))))))cc6
Cnnccc5-cccccc6)C=O)CCCCNC=O)NCCC3cccccc6)))))))))))CC6)))))O6,CNCCC3cccccc6
Cl.NCcccncOcccccC=O)NCcccccccc6s9))))))))))))c6)))))))c6,CNCcccccccc6s9
cccc-ccscNN=CCCCCC6))))))))n5)))))cc6,Ccccccc6
O=CO)CCCC=CCCC=O)C=CC5C=CCO)COcccccc6,CCCCC=O)C=CC5CC
COcccc-ccscc5-ncccc5C8=O))))))))))))cc6O,COccccC)cc6O
N=CN)cccccOCCOCCOcccccC=N)N))c6)))))))COC85)))))))))c6,CcccccC=N)N))c6
O=CCCCcc-cnocCCC3)))n5)))))ncn5-cccccc6N%16%13,Ccncnc5CCCC=O)N5cccccc6-%13
O=CO)CCNC=O)cccccc6)C=O)NCCCCCNCC6))))))))C5,CC=O)cccccc6)C=O)NC)C5
COcccccc6-cncSCC=O)NccccC)cC)c6))))))))))n[nH]5,CNccccC)cC)c6
Occcc-cncNCCCCCC7)O5)))))))csccc5n9)))))))))cc6,CccccO)cc6
CCCcccC)[nH]c=O)c6CNC=O)ccc-ccccNCCNC)CC6))))))nc6))))))ncc6cnn5CC)C,CCCcccC)[nH]c=O)c6CNC
CCC=O)Ncccccc6))))))CCCCCC6NC)C,CCCCCCC6NC)C
C[S+]C)CC=O)CCCNC=O)CCcccccc6)))))))NC=O)OCcccccc6)))))))))))))C=O)O,CCcccccc6
CCOC=O)CC)CCC)C=O)Ncccccc6CC9C=O)O,CC=O)CCcccccc6N9C
Ccccc-nc=O)ccNCCNCcccccc6)))))))CC6))))))[nH]c6=O)))))))cc6,Cccc=O)nC)c=O)[nH]6
O=CN=CNCCOCC6))))))SC5=Cccccs5,CC=NC=O)CC)S5
COcccc[nH]cO)cC=cccccc6)N=NC=5C=CccccNCCNC)CC6))))))nc6)))))))))))))))))c5c9,CCC=cccc=CccO)[nH]ccccOC))cc96))))))))))cc6N=N9
CCC=O)NcccC)cC)cc6C=CSCC=O)OC)))=CC=O)OC)))S5)))))C=S)C%10C)C,CC=O)C=CCC)=O))SCC)S5
COcccC=CC=O)NCCncC)ccccccc69)))))))))))))))ccOC))c6OC,Ccccccccc6n9C
CccccOCCOcccccBr)c6))))))))))c[N+]=O)[O-]))n6,CCCOccccC)nc6[N+]=O)[O-]
CNcccC)ncNccccOC))c-c[nH]ccnccc6c9C))))))))))c6)))))))n6,COccccC)cc6C
COcccccOC))c6OCCNCCCOcccccc6O%10.Cl,COcccccOC))c6C
O=CNCCCCC5NcncccCl)ccc6s9))))))))))))))))cccccc6-nnccn5,CC=O)cccccc6C
O=CNCCNCccccOcccccc6)))))))cc6)))))))CC6))))))ncccn5,CCccccC)cc6
O=CC=Ccccccc6)CNS=O)=O)ccccs5))))))C5))))))))))NO,CCcccccc6)CNC)C5
C=CC=O)NcccccNC=O)NC)CccncNccccNCCNC)CC6))))))cc6C))))))))nc6%10))))))))))c6,Ccncccn6)NC)C=O)NC)C6
CCC)C=O)NCCCcccCCNCCNcnscccccc96)))))))))CC6))))))))ccc69,CCCcccccc6)CCC5NC
COccccccccCCNCC)=O)))))c6c%10.Cl,CNCCccccccccOC))cc%106
CCCCCnccC=O)NCC=O)OC)))CC)C)))))cccccc69,CC=O)ccnC)cccccc96
COCCOC=O)Occcc[N+]=O)[O-]))cc6)))))))))CCCCO3))C6CC)OC3CC=CC)C,CCCCOC3C)CCOC))CC)CCC6CO3
Ccnn-cccccc6))))))cc5Ccccccc6F)))))))CC#N))=CN)O6,CcnnC)cc5Ccccccc6F)))))))CC#N))=CN)O6
CNCC)C=O)NCC=O)NCCCC5cnc-cccncccccc%106))))))))))cs5)))))))))))CCCCCC6,CNCCC)=O))CCCCCC6
CCCNC=O)ccccccccc6c%10)))))))))))CCCNCC6,CC=O)ccccccccc6c%10
CCC)cccNCCCN)C5)))))ncN)n6.Cl.Cl,CcccCC)C))ncN)n6
[H]C[H])[H])NCCcccccOC))c6C%10COC=O)cc5cccOC))c6OC))))))))))))))OCO5,COcccccc6OC)))C=O)OC5Ccccccc6OC)))OCO5))))))CCN6C
CC=CCOCCCOC=O)C=CC=CC=CC=O)O))))))))))CC)C7C)CC%11)))C5CO3,CC=CCOCCCC)CC)C7C)CC%11)))C5CO3
C=CC=O)Nccccc-ccccCN)=O))c[nH]cC)cC)c95)))))))))c6C,Cc[nH]ccCN)=O))cccC)c6c9C
CccCCCO)CCO)CC=O)[O-]))))))))c-ccccF)cc6))))))cn5CC)C,CccccF)cc6
CCC=CCCO)C=CC=CCC=CC=CCO)CCCCCC=O)O,CCC=CCCO)C=CCC
CCncSCcccccc6))))))))nnc5-ccccs5,CCncC)nnc5SCcccccc6
O=CNccnccccNCCCC5cccF)ccc6F))))))))))))nn96))))))))))NCCCO)C5,CNCCCC5cccF)ccc6F
COccccncNC=O)Ccccccc6OC)))))))))))sc5c9,COcccccc6CCC)=O
CCCC)COccccCCO))NC=O)CCC3ccccs5)))))))))))cc6,CC=O)CCC3ccccs5
NC=NC=O)C=Cccccncccc6c%10)))))))))))S5,CCSCN)=NC5=O
O=ccc-cccsc5)))))ocNCCOCC6))))))c6,CNCCOCC6
CCCnc=O)ccncccOC))ccn69)))))))nCCNC=O)ccccS=O)=O)F))cc6))))))))))c6=O,CC=O)ccccS=O)=O)F))cc6
O=CO)COcccccc6)CCNCCO)cccccCl)c6)))))))))CC6,Ccccccc6)CCC)CC6
CcccC)cS=O)=O)NCCCC5=O)))))))cC)c6,CcccC)cSC)=O)=O))cC)c6
COcccccccOC))cC=CNCC)=O)))))c6c%10,CCccOC))ccccccOC))cc%106
CCCCCCO)CC=CC=O)CCO)C5CC=CCCCC=O)O,CCCCCO)CC=O)C5C
O=Ccccccc6)ncn5-cccccCl)c6))))))))))))))NCCCCC6,CC=O)cccccc6)ncn5C
CCCCCCCCCCccccO)cOC))c6))))))))OCC)=O)))))OCC)=O,CCCCCCC)CCCCccccO)cOC))c6))))))))OC
COcccccO)c6CNCCCCCCNCccccF)cc6)))))))C6)))))C5,CCccccF)cc6
COCCOccnccnnc-ccccC#N))cc6))))))n95)))))))))))ccccF)cF)c6,CCCOC))ccccF)cF)c6
O=CNCccccOCF)F)F)))cc6))))))))CcccccF)c6C=O)N9CCcccccn6,CC=O)CcccccF)c6C=O)N9C
CCC)C)CNC=O)ccnCCCCCCC6)))))))cccccc96)))))))))))C=O)O,CC=O)ccnC)cccccc96
C=CC=O)NcccccNcccNCCCCC6CCO)))))))))nccCC))cnn95))))))))))c6,CNcccccC)c6
CCOccccncSCCNCCOCC6)))))))))[nH]c5c9.Cl,CCCScnccccOCC)))cc6[nH]9
CCCNCCN6cnccnc6OCCOccccnc6,CCCOccccnc6
CCCNCCNcccccc6CCCC6NC)C=O)OCcccccc6))))))))))))))))))))CC6,Ccccccc6CCCC6NC)C
Cl.Cl.FccccCNCCCNccccCF)F)F))nn6)))))))CC6)))))))cc6F,CCccccF)cF)c6
Cnc-ccccC#N))nc6))))))cCCCCCC6))))))ccccC=O)NS=O)=O)CCC3))))))cc69,CC=O)cccccCCCCCC6))))))cC)nC)c5c9
[H]C[H])[H])Ccccnnc-cccF)ccc6F)))))))n5nc9OCcncnn5C)))))))))))))))))C[H])[H])[H]))C[H])[H])[H],CcccF)ccc6F
CCOcccccc6NCC)C=O)NcccCF)F)F))ccc6NCCOCC6,CNcccCF)F)F))ccc6C
BrccccNcncncnc[nH]c95))))))))))cc6,CccccBr)cc6
CCC)C)OC=O)NCCcccccc6)))))))C=O)NCCCcccccc6NCCF)F)F)))C%11=O,CNCCCcccccc6NC)C%11=O
CS=O)=O)ccc-cccccc6))))))ccS=O)ccncCN))s5))))))c6,CcccS=O)ccncCN))s5))))))ccSC)=O)=O))c6
Cnnccc5-cccOCF)F)F)))ccc6OccccS=O)=O)Ncncns5)))))))cc6C#N,CccccSC)=O)=O))cc6C#N
CCNCCNcccC)cccNC=O)cccccc6OC))))))))))ccc6n%10))))))))))CC6,CNccccncC)ccC)c6c%10
C=CCNccccC)cc6))))))cnc=O)ccccnc6s%10,Ccnc=O)ccccnc6s%10
O=CNCCcccccc6)))))))))Ncccc[nH]ncc5c9,CNCCcccccc6
CCC=CC=CC)C=O)CCC6C)C)))))))))=CC=CCC)=CC=O)O,CC=CC=CCC)C))))CC)C)CCC6=O
Cl.Cl.O=CCCCNCCNcccccc6CCC%10C%14)))))))))))))))))ccccF)cc6,CNCCNcccccc6CCC%10C%14
COcccc-cnocCCCCCN6C=O)COcccccc6)))))))))))))))n5)))))cc6,COccccC)cc6
CCCcccC=NCC=O)NO)))CO5)))))ccOC))c6OC,CCCcccC=NCCC)=O))CO5)))))ccOC))c6OC
O=cccCScnnc-ccccnc6))))))n5-cccccc6F))))))))))))))ncsccn95,CcnncSCccc=O)nccsc5n9)))))))))))n5C
O=CNcccccc6)CCC5)))))))))cccccccc6o9,CNcccccc6)CCC5
CCC)C)OC=O)NCCccF)cccc6F))))))))C=O)NCcnccccnc6n9Ccccccc6))))))CC3,CCcccccc6))))))CC3
CCC)CNC=O)ccccccccc6n%10))))))))))))C=O)NCCC=O)O)))C=O)COccF)cccc6F,CC=O)ccccccccc6n%10
C=CCCNCC)CO)Cncncn5))))))ccccF)cc6F)))))))))CC6,CCCO)ccccF)cc6F)))))))CC)C
O=COCC[N+][O-])CCC6CC6)))))))))NCCO)cccccc6C%10cccccc6,CNCCO)cccccc6C%10cccccc6
O=CCBr))NCCCCccccC=O)O))cc6,CNCCCCccccCC)=O))cc6
COcccccc6CNCCCCNC6cccccc6))))))))))))))))CC)CF)F)F))OCC6,CCcccccc6OC))))CCOC6C)CF)F)F
CCCCC3)))ncnccNCcccccCF)F)F))c6))))))))ncNCCNC)C)))))nc69,CCcccccCF)F)F))c6
Ccncccccn6c=O)c%10CCNCCCNcnccccnc6n9Ccccco5))))))))))))))))CC6,Ccnccccnc6n9C
CCCO)C=O)NCCCCCCCCC=O)NCcccccc6))))))cccccc6)))))))))N5C%10=O,CNCCCCCCCCCC)=O))N5C%10=O
CCCCCC=O)CCl)))nccCC)NC=O)cccccc6))))))))CC)C)))nn5,CC=O)cccccc6
Occcccc6CNCCNCcccccc6))))))cccccc6)))))))CC6,CCcccccc6))))))cccccc6
O=CO)CCCccccOCCCNcccccn6)))))))))))cc6Ccccccc6%15,CC=O)CCCccccC)cc6Ccccccc6%15
C=CC=O)NcccccOcncNccccNCCNC)CC6))))))cc6OC)))))))))ncc6Cl))))))))c6F,CNcccccC)c6F
COccc-ncnccc-ccccCl)cc6))))))sc5c9=O))))))))))ccc6NCCCO)C5,COcccC)ccc6C
CCN)CO))CCccccOCcccccc6))))))))cc6,CCcccccc6
Cccnc-cccOCCCOC5))))))ccC=O)NCC)ccncCF)F)F))nc6)))))))))c6))))))s5,CNCC)ccncCF)F)F))nc6
COccccC=NCCCScnnc-cccccc6)OCO5))))))))o5)))))))S5)))))cc6,COccccC=NCCCScnncC)o5)))))))S5)))))cc6
Cl.O=Ccccccc6))))))Ccccccc6))))))NCCCC5,CCC=O)cccccc6)))))))cccccc6
CCCCCCC=O)OCCCOP=O)O)OCC[N+]C)C)C))))))))OC=O)CCCCCC,CCCC)COP=O)O)OCC[N+]C)C)C
COC=O)CCcccccc6)))))))NC=O)OCC)C)C,CNCCcccccc6)))))))CC)=O
COccccC=CSCccccCl)cc6))))))=NC5=O)))))))cc6,CCSCccccCl)cc6))))))=NC5=O
CNC)cncNCccccNC=O)ccccF)cc6))))))))cc6))))))))ccccC=O))cc6n%10,CcncNC)C))ncccC=O))ccc%106
C=CC=O)NC)cccO)ccCO)cccccc6)))))))c6,CNC)cccO)ccCO)cccccc6)))))))c6
CcccccC)c6COCCO)CNCC)C)))))))ccC)cccc6C,CCCO)CC
CccccC=O)NCCC3)))))cc6-ccccC=O)NCCCC3))))))cc6,CC=O)ccccC)cC)c6
COCCCCCC=O)NCCCccccCl)cc6)))))))))))CCCC5))))))C=O)O,COCCCCCCC)=O))CCCC5))))))CC)=O
CccccS=O)=O)NCCCCCO))Ncccc-cccccc6F)))))))cc6C%10%13))))))))))))))cc6,Ccccccc6F
CCC)N=CN)N=CN)N6ccccCCCCccccS=O)=O)F))cc6Cl)))))))))))cCl)c6,CccccCCCCccccS=O)=O)F))cc6Cl)))))))))))cCl)c6
CCC)C=O)NCcccccc6)))))))cncncOCCCNCccscn5))))))CC6)))))))c69,Ccncncc6CC)C)C=O)N5C
CCC)CCC=O))NC=O)CCCC)C)))NC=O)CCCC)C)))NC=O)OCcccccc6,COCcccccc6
CncSCC=O)ccccF)cc6)))))))))nnc5-cccncc6,CcnncSCC=O)ccccF)cc6)))))))))n5C
O=CC=Cncnc-cccCF)F)F))ccCF)F)F))c6))))))n5)))))))NNccnccn6,CCncncC)n5
N#CNCCCC=O)Ncnccs5)CNC=O)CN=[N+]=[N-])))))CC6))))))))))C5,CNcnccs5)CNC)CC6
COcccccc6NCCNCCCCCC=O)NCccccOSC)=O)=O)))cc6))))))))))))))CC6,CNCccccOSC)=O)=O)))cc6
CccccCl)cc6NCCNS=O)=O)cccccc6)OCCO6))))))))))CC6,CS=O)=O)cccccc6)OCCO6
Ccnnc-cscNC=O)CCC)C))nc=O)[nH]cccccc6c%10=O))))))))))))))nc5C))))))o5,Cnc=O)[nH]cccccc6c%10=O
CC=O)NCCNCCCCCNC=O)ccccC)cccF)c6[nH]9)))))))))))C6))))))CC6,CC=O)ccccC)cccF)c6[nH]9
O=CCScncccccc6[nH]9)))))))))))NCcccccc6,CC=O)CScncccccc6[nH]9
C=CC=O)NccccncncNccccF)cBr)c6)))))))c6n%10,CNccccncncC)c6n%10
COcccccc6NCCNCCNC=O)CCNC=O)CCCCCCCC6)C8)))C6))))))))C5=O))))))))CC6,CC=O)CCCCCCCC6)C8)))C6
O=CNO)CCCCCCC4)))))C=O)NCCF)CC5C=O)Nccccnn6,CCCCCCCC4)))))CC)=O
CNC)CccccS=O)=O)ncccC=CC=O)NO)))))c5))))))cc6,CNC)CccccSC)=O)=O))cc6
C=CC=O)NCCCCCNC=O)NccccF)cc6)))))))))C=O)NCCNcccccC)n6))))))CC6,CNccccF)cc6
Ncnccc-cccc[nH]5)CCCF)))CNC6=O)))))))))n6,Ccccc[nH]5)CCCF)))CNC6=O
O=cncccccc6cn%10CCCNCCNcccccc6))))))CC6)))))))N5,Ccccccc6
COcccccCNC=O)c[nH]nc-cccccc6))))))c58))))))))c6,COcccccCNC=O)c[nH]ncC)c58))))))))c6
O=CCnnncccccc6c%10=O))))))))))))Ncccccc6,Cnnncccccc6c%10=O
CCC)CCNC=O)CN)Ccccccc6))))))))))C=O)O,CNCCCC)C)))CC)=O
ccccCNcncNCCcccccc69)))))))))ncccccc%106))))))))))))cc6,CCcccccc6
C=CC=O)NCCCCNcncncNCC)))c6C=O)ccccOcccccc6)))))))cc6))))))))))))))C6,CCNcncncC)c6C=O)ccccC)cc6
CCnc-cnccccC=O)NCCCCN)C6)))))))cc6n9C))))))))))ccccccc69.Cl,CCncC)ccccccc69
CcccO)ccC)c6CCN)C=O)NCCcccccc6CNCcncccccc6[nH]9))))))))))C%11=O,CCcncccccc6[nH]9
Occcccc6OCCNCCCl)))CCCl))))CCCO)CC%11)NCCCC3))))CCC%13%106,CCCCCO)CCccccO)cc6C%10CCN%12C))))C%14O5
O=Ccccccc6N=CNcccccc6))))))CCC%135O,Ccccccc6
NC=O)cnc-ccccF)cc6))))))cCCNCCC=CcccccF)c6)))))))CC6))))))))s5,CCCcscCN)=O))nc5C
COCCCCCN5CC=CC=O)NccccncncNcccccBr)c6)))))))c6c%10,CcccccBr)c6
CCNccc-ccnnC)c5)))))ccNccnccn6)))))))n6)))))))ccccF)cc6.Cl,CCC)ccccF)cc6
O=COCCF)F)F))CF)F)F))))NCCcccn-ccccF)cF)c6))))))n5)))))C4,CCCF)F)F))CF)F)F
C=CC=O)Ncccccc6C=O)Ncn[nH]ccc-cccccc6)CCO5))))))))ccc96,CNcn[nH]cccC)ccc96
CNC)C=O)CCCCccccOcnnnn5-cccccc6OCF)F)F)))))))))))))))cc6))))))N5,CC=O)CCCCccccC)cc6))))))N5
Ccncsc5-ccccCNC=O)CCCO)CN5C=O)CN)CC)C)C))))))))))))cc6,CNCccccC)cc6
CCCNC=O)ccccF)cF)c6)))))))CCCCCC6NC)C,CC=O)ccccF)cF)c6
O=CO)ccccCCCCSCC=O)N5CCCO)CCCCC6))))))))))))))))cc6,CCCCO)CCCCC6
O=CNCCcc[nH]cccccc96))))))))))C=O)O))))cccF)ccc6F,CNCCcc[nH]cccccc96))))))))))CC)=O
CCC)CCC=O)NCC#N)))))ccccc-cccc-ccscNCCNCC6))))))n5)))))cc6))))))c6,CC=O)CCCC)C)))cccccC)c6
O=Ccccoc5)))))Ncccccc6F)))))))CCCNCCcccccc6))))))))CC6,CCCcccccc6
COccccCOcccOC))ccOC))c6C9O)CO)CC=O)NC)OC))))C%12cccccc6))))))))))))))))))cc6,COccccCOcccOC))ccOC))c6C9O)CO)CCC)=O))C%12cccccc6))))))))))))))))))cc6
O=cncNcccccCl)c6)))))))occcCl)oc=O)c%106,Ccnc=O)cc=O)ocCl)cc6o%10
CCC)OccccCl)cc6)))))))C=O)NCcccccc6)OCO5,CNCcccccc6)OCO5
ccsc-ccccCNCCNCcccc-cnccs5)))))cc6))))))))))))cc6))))))n5,CCCNCccccC)cc6
CNCC=O)NccccCN)=O))cc6)))))))))CC=O)Ncccccc6Cl,CNccccCN)=O))cc6
CNCC)C=O)NCC=O)NCCCC5CNC=O)cccccccccc%106)))))))))))))))))))CC)C)C,CC=O)cccccccccc%106
CCC=O)cccccc6)OCO5)))))))))NC)CCCCCC6.Cl,CCC)C=O)cccccc6)OCO5
CccccNccc-cccccN)c6))))))ncn6)))))))cc6NS=O)=O)ccnC)cn5,CNcccC)ccc6C
COCCNcnccccC#CCO)CCCCC6))))))))cc6n9-cccncN)n6,CcnccccC#CCO)CCCCC6))))))))cc6n9C
COcccccc6OCCOC))CCCCC6CNC=O)C=CccccCl)cc6)))))))))))))CC%11)NC)CCC%13%106,CNCCCCCCC6OC))COccOC))cccc6C9%13CCNC)C%17C8
CCO)CCcnc-ccccCcccccc6)))))))cc6))))))ccN)nccn96)))))))))C4,CccccCcccccc6)))))))cc6
COccOCC=CC)CCC=CC)C)))))))))cccccc=O)oc%106,COccC)cccccc=O)oc%106
CccccC=O)OccccCCNC)C)))CO)CCCCC6)))))))cc6))))))))cc6.Cl,CccccCCNC)C)))CO)CCCCC6)))))))cc6
CcnccN)nccccnc6c%10n%13CCC)C,CCCC)C
COC=O)ccNC=O)ccccs5)))))))scc5CCCC6,CNcsccc5CC)=O)))CCCC6
CNcncNCcccccc6))))))))cccccc6n%10.Cl,CNcncC)cccccc6n%10
Ccncsc5-ccccCNC=O)CCCO)CN5C=O)CNC=O)OCC)C)C)))))CC)C)C))))))))))))cc6,CNCccccC)cc6
CCCCCCC6))NC=O)NCC=O)NCccccs5)))))))))C5=O,CCCCCCC6))NC=O)NC)C5=O
O=CNcccccc6O))))))))CCCNC=O)CCl)))CC6,CNcccccc6O
CCOC=O)ccNC=O)CScncccccc6[nH]9)))))))))))))scc5CCC5,CC=O)CScncccccc6[nH]9
O=CNcccncCF)F)F))c6)))))))ccnccnncCCCC4CC6C6C64I)))))))))n95,CC=O)ccnccnncCCCC4CC6C6C64I)))))))))n95
CC=O)NccF)ccC=O)NCCCCO)CC6))))))))cc6OCC)cccccc6,CNccC)ccCC)=O))cc6F
O=CCCNCCNcccccc6O)))))))CC6))))))C=O)N5Ccccccc6,Ccccccc6O
CCCNCCCCCC3))C6)))))))NC=O)cccc-cnocCF)F)F))n5)))))cc6,CcnocCF)F)F))n5
COccccS=O)=O)Ncccccc6)OCO5))))))))))cc6OC,Ccccccc6)OCO5
O=Ccccccc6CN9CCCNCCO)COcccccCF)F)F))c6))))))))))CC6,CNCcccccc6C9=O
CC#Cccncc-cccCl)cCC)CC=O)NC)CN)=N6))))))s5)))))c6,CC#CccnccC)c6
O=cccNCCOCC6))))))occ-ccccO)cc6))))))cccc%106,CccccO)cc6
CCC)CCNC=O)OCC)C)C)))))C=O)NCCcccccc6)))))))C=O)OCcccccc6,CNCCCC)C)))CC)=O
CcncCccnnC)c5)))))NCcncc-ccccF)cc6))))))[nH]5)))))Ccc6[nH]cccccc96)))))))))))))no5,CccncCCcc[nH]cccccc96)))))))CccnnC)c5)))))cnocC)n5)))))N6))))))[nH]5
CcccC)ccC=O)NNC=O)cccccc6C))OCCO6)))))))))))CC)C)C))))c6,CNC
Ccccccc6C=O)NCCcc[nH]cccccc96))))))))))C=O)O,CNCCcc[nH]cccccc96))))))))))CC)=O
CcccNcncnccncNCCNCC6))))))nc%106)))))))))))ccc6Occcccc6)ncn5C,CcnccncncC)c6n%10
COcccC)ccccO)cC=O)OCCO)C=CC5O))))))))c6c%10,COcccC)ccccO)cCC)=O))c6c%10
COccccNCCCNCCCO)cccccc6)OCO5))))))))CC6)))))))OC5=O))))))cc6,CNCCCO)cccccc6)OCO5))))))))CC6
CCCNcccccc[N+]=O)[O-]))ccc6n%10))))))))))CCN6,Ccccccc[N+]=O)[O-]))ccc6n%10
CcccC#N))ccC)c6OcncNccccC#N))cc6)))))))nc[nH]ccc95,CcncC)ccc[nH]c5n9
CCS=O)=O)NccccC=NNC=O)ccccs5))))))Ccccccc6C)))))))C5)))))cc6,CccccC=NNC)Ccccccc6C)))))))C5)))))cc6
CccccncSCC)C=O)NCcccco5))))))))))[nH]c5c9,CC=O)CC)ScnccccC)cc6[nH]9
CcnccNC=O)cccccCF)F)F))c6))))))))cc6-ccncOCCO))))cNCCOCC6))))))c6,CC=O)cccccCF)F)F))c6
CccccS=O)=O)N=CccO)cccccccc%106)))))))))))))cc6,CN=CccO)cccccccc%106
CcccS=O)=O)Cl))cC)n5-ccccF)cc6,CccccF)cc6
COCCNCCCCCC6))))))))COccccc[nH]ccc95,CCCCCCC6
CCC=O)OCC=O)COCC)=O)))))CCCCCCC=CC=O)CCC6C)C%10CO)CC%14%17C,COCC=O)COC))CCCCCCC=CC=O)CCC6C)C%10CO)CC%14%17C
O=CC=CNCCCC5CN5cccccn6)))))))))))))))cccccc6O,CC=CC=O)cccccc6O
CCOCCCOCC))))NCcncc-cccccc6))))))[nH]5)))))Ccc6[nH]cccccc96,CCOCCCOCC))))NCcnccC)[nH]5)))))Ccc6[nH]cccccc96
CCC=O)NcnncCccccOC))cOC))c6)))))))s5,CNcnncCccccOC))cOC))c6)))))))s5
OCCNC=Ncccccc6Ccccccc6))))))=NC%11ccccs5))))))))))))))))C4,CC=Ncccccc6Ccccccc6))))))=NC%11ccccs5
O=CCCC=O)Ncccccc6Cl)))))))))N=CNcncccccc6s9))))))))))N6,CC=O)CCC=O)NCNcncccccc6s9))))))))))=N6
CccccCnnncc=O)nCC=O)NCCCCC6))))))))cnc69))))))))))cc6,CCccccC)cc6
C=CC=O)OCccC)cOC=O)ccccOC))cc6))))))))ccC)c6CCC%13%10,C=CC=O)OCccC)cOC))ccC)c6CCC%13%10
C=CC=O)NCCCCCNC=O)Ccccccc6)))))))))C=O)NCCNcccccC)c6))))))CC6,CC=O)Ccccccc6
CcccC)ccNC=O)CCCCCCC=O)NO)))))))))))c6,CNcccC)ccC)c6
O=CC=O)NCCNC=O)cccccc6)))))))CC6)))))))cc[nH]ccBr)cccOCF)F)F)))c96,CC=O)C=O)cc[nH]ccBr)cccC)c96
N#CCCCCN5C=O)CCCCCOcnccC=O)O))cc6Cl)))))))))N5,CCCCCCCC)=O))N5
CCCCCC=O)CCCC=CC=O)C5CC=CCCCC=O)O,CCCCCC=O)CCCC=CC=O)C5CCC
CNC)CCCNcccCC)C)C))ncc-ccccCl)cc6))))))cnn95,CccnncC)ccCC)C)C))nc96
CccF)cccc6NcnccccNC)C=O)C=CCNC)C)))))))cc6ncncc%135,CcccccF)c6C
COccccCCC=O)Ncncccccccc%106))))))))))CCCCNC6))))))))))cc6,Ccncccccccc%106
N#Ccccc-cccC=O)NCCCCNC6))))))))cNCN)=O)))s5)))))cc6,CC=O)cccC)sc5NCN)=O
CCOC=O)CCcccccc6OCCO)CNCC)C,CCCO)CC
Cccccnc-ccccNC=O)CNCCNC=O)cccco5))))))CC6)))))))))cc6))))))sc5c9,CccccncC)sc5c9
COccccncocC=O)NCCNcccccc6F)))))))CC6)))))))cc5cc9c%13,COccccncocCC)=O))cc5cc9c%13
CcncNCCNC=O)COcccccc6C))))))))))CC6))))))cccsc5n9)))CCCC6,CcncC)cccsc5n9)))CCCC6
CCC)Cnc=O)nC)c=O)cc-ccncn5C))))))nCcccccccccc%106)))))))))))nc59,CCcccccccccc%106
O=CCCl))NcccccC=O)NCCSCC6)))))))c6,CNcccccCC)=O))c6
CcccccC=NNcccNCCOCC6))))))nnc-cccncc6))))))cc5n9))))))))))))c6,CN=CcccccC)c6
[H]C[H])[H])nccC=O)OCCCCNCCNSC)=O)=O)))))CC6)))))))))cccccc69,CC=O)ccnC)cccccc96
COcccF)c-cncnccCl)cNCCCCNCC6))))))))c6[nH]9)))))))))cc6OC,CcncnccCl)cC)c6[nH]9
CCCNcncc-cccccCl)c6Cl)))))))cN)n6))))))CCC)N6,CcccccCl)c6Cl
COC=O)CCCOCC)=O)))C=O)CC6C)CCCC=O)OCcccoc5)))))CC6%10C,COCCCCC)=O))CC)CCCC=O)OCcccoc5)))))CC6C)C%10C%14=O
CCC=O)ncccccccc69))))C=CCC=O)NCC))CC))))CNC)C6C%10,CC=O)CC=Ccccccc6ccn5C)))CC%10NC)C%14
Ccc-cccccS=O)=O)NC)C)))c6))))))cccCl)ccc6n9CCF)=CCN,CccC)nC)ccccCl)cc96
CCCCCC)O)CC=CCCO)CC=O)C5CCCCCCC=O)OC,CCCCO)CC=O)C5CCCCCCCC)=O
C=CCCCCCC6)C=O)CO)CCC)C)CCC=O)C6%10CO6))))))))))C7OCC)=O,C=CCCCCCC6)C=O)CO)CCC)C)CCC=O)C6%10CO6))))))))))C7OC
COccccNCCNcnccc=O)nC)c=O)n6C)))))n5Ccccccc6))))))))))))CC6))))))cc6,Ccnccc=O)nC)c=O)n6C)))))n5C
CS=O)=O)ccccCCCCCCC5))))))C=O)Ncnccs5))))))))cc6,CC=O)CCCCCCC5))))))ccccSC)=O)=O))cc6
O=CNO))ccccCNcccccc6NC=O)C%10Cccccs5)))))))))))))))))cc6,CNcccccc6NC=O)C%10Cccccs5
CCC)C)OC=O)NCCCC5C=O)NCCCcncN)sc5C9,CNCCCcncN)sc5C9
CnncCSC)=O)=O)))nc5NCCCOcccccCNCCCCC6)))))))c6,CCCCOcccccCC))c6
CCS=O)=O)NccccC=NNC=O)cccco5))))))Ccccccc6))))))C5)))))cc6,CNccccC=NNC)Ccccccc6))))))C5)))))cc6
Ccnccc-cc-ccccF)cc6))))))ncn5CCCNCCOCC6))))))))))))))n6,CccccF)cc6
O=CNcccccc6Br))))))))ccc=O)cccccc6o%10,CC=O)ccc=O)cccccc6o%10
Cnnccc5-cccCl)ccc6OccccS=O)=O)NcnccCl)cn6))))))))cc6C#N,CccccSC)=O)=O))cc6C#N
COccccccnS=O)=O)ccccN)cc6)))))))c5c9,COccccccnC)c5c9
COcccccc6-nccCOC=O)CCCncC=O)cccccc6)))))))ccc58)))))))))))nn5,CC=O)CCCncC=O)cccccc6)))))))ccc58
O=CNC=NS=O)=O)cccccccccc%106))))))))))))SC5=CccccBr)cc6,CS=O)=O)cccccccccc%106
COCCNC=O)cccccOcccCN))ccn6)))))))c6.Cl,CC=O)cccccC)c6
O=CCCNcnc-cccccn6))))))ncscc-cccccc6))))))c95)))))))))CC6,CcncC)ccC)csc5n9
CCCCCCCCCCO)C5CCCCCCC=O)O,CO
O=CCScncccccc6[nH]9)))))))))))NCCcccccc6,CNCCcccccc6
CNCC)C=O)NCC=O)NCCCC5C=O)NCCCCcccccc6%10))))))))))))))))))CCCCCC6.Cl,CNCCCCcccccc6%10
COccccCC=O)NcnncC)s5))))))))cc6,COccccCCC)=O)))cc6
CCCCnccnc-cccccc6))))))nc-5nC)c9=O))))))))N5.Cl,CCCCnccncC)nc-5nC)c9=O))))))))N5
O=CNO))CCcccccc6)))))))C=O)NCcccccc6,CC=O)CCcccccc6)))))))CC)=O
CCCOCC)CO)CC=CC=CC=Ccoc=O)ccOC))c6C)))))))))))))OC7C)C6OCC)=O,CCC=CCOCC)CCC))OCC)C7O))C5OC
COC=O)C=CC)NCC)=CC=O)OC)))C6ccccnc6,COC
O=CCCCCNS=O)=O)cccccc6[N+]=O)[O-])))))))))C6))))))NCCcccccc6C%10,CS=O)=O)cccccc6[N+]=O)[O-]
CNcncncsccc95)CCCC6))))))))))))CCC3,Ccncncsccc95)CCCC6
O=S=O)Ncccccc6CCCC6)))))))))))cccccc6Cl,Ccccccc6CCCC6
O=CCCCcccF)cF)cc6F))))))))NS=O)=O)O)))))NCCncnnc5CF)F)F)))))C6,CNCCCC)=O)))CcccF)cF)cc6F
CCNCC))cccc-nncccC)cN)cc6n9)))))))))cc6,CcccnnC)nc5cc9N
NNC=O)C=Cccn-cccccc6))))))nc5-cccccc6))))))))))))NC=O)ccccCl)cc6Cl,CC=O)ccccCl)cc6Cl
FccccCCOccnccnnc-ccccOCF)F)))cc6))))))n95))))))))))CN4CCC3)))))))cc6F,CccnccnncC)n95
CccccC=O)NCN)=NccccOCC)C)))cc6))))))))))cc6,CC=O)ccccC)cc6
CCCCCC)C)CO)C=CCCO)CC=O)C5CC=CCCCC=O)O,CCCCC=O)CCO)C5CC
O=CO)CScnnccccccc6nCcccccc6)))))))c9n%13,CC=O)CScnnccccccc6nC)c9n%13
O=CNCccccF)cc6))))))))NCCNC=O)OCcccccc6))))))cccccc6))))))C5C9,CNCCNC=O)OCcccccc6))))))cccccc6))))))C5C9
CCCOCCN6cnc-cccncc6F)))))))cc=O)n6C,Ccccncc6F
CNC)CCCCCC6NC)C=O)ccccccccc6c%10,CC=O)ccccccccc6c%10
CCcccc[nH]c=O)sc5c9)))))))))cccn-ccccOCCO))))cn6))))))n5,CCcccc[nH]c=O)sc5c9)))))))))cccnC)n5
O=CC=CccccCl)cCl)c6)))))))SC=S)N5NS=O)=O)cccccc6,CNC
CccccC)cOCCNCCCNC=O)cccncc6)))))))CC6))))))))))c6,CCCOcccC)ccc6C
O=cccc-nccccccF)cc69)))))))))nn6CCOcccncccOCCCNCCOCC6))))))))))ccc%106,CCCCOcccccC)ccnc6c%10
[H]C[H])[H])cccC#N))ccC[H])[H])[H]))c6OcncNccccC#N))cc6)))))))ncN)c6Br,CccccC#N))cc6
COcccI)cCcccOC))cOC))cc6CC=O)OCC)C)C))))))))))))cc6OC,COCC)C)C
CCOC=O)ccnn-ccccN)cc6))))))c5CF)F)F,CC=O)ccnnC)c5CF)F)F
CCC)C)OC=O)NCCCCCCC=O)NO))))))))C=O)NCCCCC5,CNCCCCCCCC)=O)))))))CC)=O
CccccC=CSC=S)NCCCC=O)O)))))C5=O)))))))o5,CCccccC)o5
CCCNC=O)CC)O)CF)F)F))))CC)CN6C=O)ccccC#N))cc6,CC=O)ccccC#N))cc6
CcccccNC=O)cccccI)c6))))))))n6,CC=O)cccccI)c6
CncnccNCcccccc6))))))))ncCl)nc69,CCcccccc6
CCC)C)OC=O)NCCC=O)OCCCCCC6)))))))))C=O)O,CCCCCCC6
COccccC=CC=O)cccccc6O))))))))))cOC))c6,CCC=O)cccccc6O
COccOCCCNCCOCC6))))))))))ccccnc=N)nc%106)))CCN5,CNCCOCC6
COcccNC=O)C=CCNC)C)))))))cccNcccccBr)c6)))))))cC#N))cnc%106,CNcccOC))cnccC#N))cC)c6c%10
COC=O)CNC=O)ccnCCCCCBr))))))cccccc96)))))))))))CC)C,CC=O)ccnC)cccccc96
CC=O)cncccc6C=CBOCC)C)CC)C)O5,CCccccnc6CC)=O
CncccBr)sc5ccnnCccccF)cc6F))))))))c=O)c6%12,CCccccF)cc6F
C=CC=O)Ncccccc6OcncNccccNCCNC)CC6))))))cc6)))))))ncc6C,CNcccccc6C
CNC=O)C=O)NCCCCC=CCCCCCCCCCC=O)O,CCCCCCCCCCCCC)=O
CC#CC=O)NCCCncc-ccccOccF)cccc6F))))))))cc6))))))ccN)n[nH]c=O)c69)))))))))C5,CccnC)cc=O)[nH]ncN)c96
O=Ccccccc6NC=O)cccccc6C9N%17cccccc6,CNC=O)cccccc6NC=O)cccccc6C%179
CCCCOccccccC=O)C=O)NCCNC=O)cccccc6)))))))CC6))))))))c[nH]c95,CC=O)cccccc6
COcccccc6-ncSCC=O)NcnccccC)cc6s9)))))))))))))nccc6=O))SCC5,CNcnccccC)cc6s9
C=CC=O)Ncccccc6-nccccncNccccNCCNC)CC6))))))cc6)))))))nc69,CNcccccc6C
CCC=O)NCCCCC5)))))))NC=O)Cnnnc-cccccc6)OCO5))))))))n5)))))))CCCCCC6,Ccccccc6)OCO5
CS=O)=O)Ncccc-cccncNccccNCCOCC6))))))cc6)))))))n6))))))cc6,CccccC)cc6
CCC)=CCCCC)=CCOP=O)O)OP=O)O)O,CCCOP=O)O)OP=O)O)O
CCC)C)CCNC=O)CCCC=O)O))))NC=O)cccccCl)c6,CC=O)cccccCl)c6
COccccncc-cccccNCCCNCC6)))))))n6))))))n5c9,COccccnccC)n5c9
Ncccc-c[nH]ncncncNcccccCl)c6)))))))c96)))))))))cc6,Ccncncn[nH]cC)c95
COcncncc6scncNCCOCC6))))))ccc69)CCCC6,CNCCOCC6
Cl.O=CNCCNCCC6CC6)))))))))cc[nH]cccsc5c9=O,CNCCNCCC6CC6
CNC)CCCOcccccc6OCO5))))))))))ccccF)cc6,Ccccccc6OCO5
CCCCCCCCCCNC=O)C=CC=O)O)))cccccc69,CCC=O)NC)cccccc69
CCcccc=O)c-cccccc6)OCO5))))))))cC)oc6cc%10O,Ccccccc6)OCO5
NccccS=O)=O)ncccccccc69))))))CCCC6))))))))cc6.O=CO)C=O)O,CS=O)=O)ccccN)cc6
CCNCC))C=O)ccNC=O)cccco5)))))))scc5CCCC6,CCNC)CC
FCF)Occcc-cnnccnccOCccnCcccccc6)))))))nn5)))))))n96)))))))))cc6,CccnccnncC)n95
COcccccc6)NCCCNC=O)ccccOC))cCl)c6)))))))CC6)))))ccccn5-9,COcccccc6)NCCCNC)CC6)))))ccccn5-9
O=CCCC=O)NCCcccccc69))))))))))))OCCF)F,CNCCcccccc69
O=CNCCO)CCC6Ccccccc6)))))))))))))nnccCO)ccccF)cc6))))))ccccF)cc6)))))))n5,CNCCO)CCC6Ccccccc6
O=CccO)cccccc=O)oc%106)))CNCccccF)cc6)))))))CC6,CNCCccc=O)occC=O))cO)ccc%106))))))))C6
Clcccccc6NCCNcncncc6cnn5-cccccc6)))))))))))))))CC6,Ccncncc6cnn5C
CCCCCC=O)Ncccccc6))))))NccccO)cc6))))))C5=O.O,CCCCCC=O)NC)NC)C5=O
N=ccc-cccccc6))))))c-cccccc6))))))nCCcccccc6))))))))c5ncn9CCO,CCCcccccc6
Cccccc-ccccN)cNC=O)cccccc6))))))))c6))))))c6,CC=O)cccccc6
CCCCCCCF)C=CC=O)C=CC6C)C%10Cl)CO)CC%14C)C%17C=O)COC=O)CC)C)C,COCC=O)CCC)CCCCCF)C=CC=O)C=CC6C)C%10Cl)CO)CC%14%17C
ccnnncc-cccncNCCCNCCOCC6))))))))))n6))))))c5c9,CCCCNcncccC)n6
C=CC=O)NCCCOccccc[nH]c-cn[nH]cccCF)F))ccc96)))))))))cc95))))))))))C5,Ccn[nH]cccCF)F))ccc96
COcccccc6)NCCCNC=O)ccccccccc6n%10)))))))))))CC6)))))ccccn5-9,COcccccc6)NCCCNC)CC6)))))ccccn5-9
CC=O)O.FccccCCCNCC6COcccccc6)OCO5))))))))))))))))cc6,Ccccccc6)OCO5
N#CccccNC=O)Ncccc-cncNCCOCC6))))))ncNCCCC5COC7))))))))n6))))))cc6)))))))))cc6,CcncC)ncC)n6
COC=O)ccccO)cc6.COC=O)ccccO)cc6,CC=O)ccccO)cc6
NS=O)=O)ccccCCNC=O)Ncccccc6)))))))))))cc6,CNCCccccSN)=O)=O))cc6
COccccC=O)NccccCl)cCl)c6))))))))cc6N,COccccCC)=O))cc6N
O=CNCCccccs5)))))NCCOCC6)))))))))ccccCl)c[N+]=O)[O-]))c6,CC=O)ccccCl)c[N+]=O)[O-]))c6
O=CNCccccnc6))))))))NccccS=O)=O)NCCNCCF)F)F))CC7))))))))cc6,CNccccSC)=O)=O))cc6
CCNCCCCNccF)ccc=O)cC=O)O))cnCCC3)))c6c%10F)))))))))))C5,CC=O)ccnC)ccF)cC)cF)cc6c%10=O
CCOC=O)CCccccN)nc6)))))))ccnCCCCCC6))))))cn5,CC=O)CCccccN)nc6)))))))ccnC)cn5
CCCCCCO)C=CCCO)CCOCCCCCC=O)O))))))CC58,CCCCO)CCOCCCCCCC)=O))))))CC58
CCNC=O)OCC)C)C)))))cnccccF)cc6s9,COCC)C)C
CCC)CNcccncNCccsc-cccccc6))))))n5)))))))n6.Cl,CcccncC)n6
O=CNcc-cccccc6))))))ncccccn96))))))))))cccccc6,CC=O)cccccc6
CS=O)=O)Ncccc-cccncNccccCNCCOCC6)))))))cc6)))))))n6))))))cc6,CCccccC)cc6
CCCC)CN)C=O)NCCCC5P=O)Occcccc6)))))))Occcccc6,CNCCCC5P=O)Occcccc6)))))))Occcccc6
COcccncNCCNC=O)CCCCCC6)))))))CC6))))))ncN)c6cc%10OC,CC=O)CCCCCC6
CNCCCC5CCOC=O)ccccF)cc6))))))))C7.Cl,CC=O)ccccF)cc6
COCCCCCC6CC)O)CC)C)C)))))CCccccO)cc6C%10CCN%12CCCC3)))))))C%14O5,CCCCC3
CC=O)NccccC=Ccnoc-cccccc6O)))))))n5)))))))cc6,Ccccccc6O
COCCNC=O)ccccOcccCN))ccn6)))))))cc6,CNCCOC
CccNC=O)cccCN)=O))ncccF)ccc%106))))))))))))cCF)F)F))nn5CccccC#N))cc6,CC=O)cccCN)=O))ncccF)ccc%106
Ccccc-ccscncSCC=O)NC)C)))))nCcccccc6)))))))c=O)c96)))))))))cc6,CC=O)CScncsccC)c5c=O)n9C
O=S=O)Ncncncscc-ccccF)cc6))))))c95))))))))))cccccc6)OCCO6,CS=O)=O)cccccc6)OCCO6
COccccCCNC=O)cccccc6)ncn5CCOC6))))))))))))))))cc6OC,CC=O)cccccc6)ncn5CCOC6
CCC)NC=O)CNC=O)CCccccF)cc6)))))))NC=O)OCC)C)C))))))))CNCCCC3))))cccccc6%11,CNCCNC)cccccc6NC)C%11=O
CCCCNC=O)cccCF)F))on5)))))))C=O)NNCCCCNC5=O)))))))C=O)CF)Cl))))))))CC3,CC=O)cccCF)F))on5
OCcccNccccNCCcc[nH]cccccc96))))))))))))cc6)))))))ccCO))n6,CCCcc[nH]cccccc96
O=CC=Ccccccc6)CNCCcc[nH]cccccc96)))))))))))C5))))))))))NO,CCCcc[nH]cccccc96
CccccCl)cc6NCCNC=O)ccccc[N+]=O)[O-]))c6Cl))))))))CC6,CC=O)ccccc[N+]=O)[O-]))c6Cl
CCnncC=O)OCC=O)cccccc6)NC=O)CO6)))))))))))))cccccc6c%10=O,CCnncCC)=O))cccccc6c%10=O
Clcccccc6-cnnc-ccccs5)))))o5,Ccccccc6Cl
CccccNcccccC=O)NcccF)cOCCF)F)F))))cF)c6))))))))c6OCC%10CO))))))))))))nc6,CNcccF)cC)cF)c6
CCnnccc5-cccF)ccc6OccccS=O)=O)Ncnccs5)))))))cc6C#N,CccccSC)=O)=O))cc6C#N
CccccNC=O)NcnncCOccccC)cc6C)))))))))s5))))))))cc6,CNccccC)cc6
CCC)C)NCcccccc6)OCO5)))))))))C=O)C=CS=O)cccccc6,CCcccccc6)OCO5
COcccN)cCl)cc6C=O)NCCCNCCCC8C6.Cl,COcccN)cCl)cc6CC)=O
CNC)ccccN=NccccC=O)ONC=O)CCC5=O))))))))cc6))))))))cc6,CC=O)ccccN=NccccNC)C))cc6))))))))cc6
C=CCOC=O)ccCF)F)F))cccc6CF)F)F)))))))))))C=O)NCCCC)C)))C=O)NCC=O)OCC,CC=O)ccCF)F)F))cccc6CF)F)F
O=CNcncccccc6s9))))))))))ccccS=O)=O)NCCOCC6)))))))cc6,CC=O)ccccSC)=O)=O))cc6
COcccc-cccnCCCC)C=O)NO)))SC)=O)=O)))))c=O)c6))))))cF)c6,COccccC)cF)c6
COccccCl)cNcncncccOCCCNCCNC)CC6))))))))))ccOCC)C)))c%106)))))))))))n6,CCCCOcccC)ccC)ncnc6c%10
CCCOCCN6ccc=O)ncn6)NCccnccCl)c6)))))))CCF)F)F))CC6,Cccc=O)ncn6)NC)CCF)F)F))CC6
O=CccncNcccccCl)c6)))))))nc6CF)F)F))))))))NCCC4,CNCCC4
CCN)C=O)NCC)C=O)NCCcccccc6)))))))C=O)CCl.O=CO)CF)F)F,CNCCcccccc6)))))))C=O)CCl
O=ccccccc6nc-cccccc6))))))n%10-cccccc6,Ccccccc6
FccccOCCCCCCNcnccF)cn6))))))CCN6C%10))))))))))))cc6,CccccF)cc6
CNC)CCCCNCCCNC=O)ccccc-cccO)cncccc6c%10))))))))))c6)))))))CC6))))))CC6,CC=O)cccccC)c6
CCOC=O)C=CC)NCC)=CC=O)OCC))))C6cccccnonc95,CC=O)C=CC)NCC)=CCC)=O))C6cccccnonc95
CCCOccccCl)cc6)))))))C=O)OCCCCCCC7)N5C,COCCCCCCC7)N5C
CCCCCNcncNCC)C)C)))ncc6CN)=O)))))))))CC6O,CCCCCC)CO)C6
CCCCCCCC=O)NO))))C=O)NCC=O)NCCCC5CO))))))))CC)C,CCCCCCCCC)=O)))CC)=O
CCCNCC)CCN)=O)))))ccccCl)cOcccccc6)))))))c6F,CCCC)ccccCl)cC)c6F
Cl.N#CcnccNC=O)CCCC4)))NccccOCCCNCC6)))))))nc6))))))C5=S))))))cc6CF)F)F,CNC=O)CCCC4)))NC)C5=S
NcnscccccC=O)NcccccCNC=O)NcccccF)c6))))))))))c6))))))))c96,CC=O)cccccsncN)c95
CCOC=O)CNC=O)NccccBr)cc6C%10cccccc6,CCCC)=O
CC=CC=O)O)))C=CC)CCC)CCCCCOC=O)C4CO,CC=CCC)C)))CCC)CCCCCOC=O)C4CO
COcnccCCCCCCCcccccn6)NCCC6)))))))))))))))CC=O)O))))cn6,COcnccCCCCCCCcccccn6)NCCC6)))))))))))))))CCC)=O))))cn6
CS=O)=O)ccccOCccnCCF)=CCN)))))nn5)))))))cc6.Cl,CCccnC)nn5
CccC=CC=O)NccccF)cc69))))))))))[nH]cc5C=O)NCCO)CNCCOCC6)))))))))CCC7,CCCO)CC
COCCCNC=S)SSC=S)NCCCOCCOC)))C7)))))))))))CCCO7,CC=S)SSCC)=S
O=CO)CCCCCCCC=O)NC=O)N5CCCO)CCCCCC6,CCCCO)CCCCCC6
CccccCNC=O)ccc=O)[nH]ccccS=O)=O)NCCCCC6C))))))))cc%106)))))))))))))cc6,CC=O)ccc=O)[nH]ccccSC)=O)=O))cc%106
O=CCccccCl)cc6)))))))Ncccc-cnnc-cccco5)))))o5)))))cc6,CC=O)CccccCl)cc6
CCC)cccccc6S=O)=O)O))))CC)CCCCC)C=O)O))C6CC%10,CC=O)CC)CCCCC)cccS=O)=O)O))cCC)C))cc6CCC%14%10
COccccNcncN)ncCScncccn6))))))))n6)))))))cc6,CcncN)ncCScncccn6))))))))n6
Clcccc-cnnCcccccc6)))))))cc5CCNCC7))))))))))cc6,CcnnC)cc5CCNCC7
COcccncncNccccF)cCl)c6)))))))c6cc%10NC=O)CF)=CCNC)C,CNccccC)ncnc6cc%10OC
COccccCC)=NOCN)=O)))))cc6OCCCCC5,CCN)=O
CNccccC=CCCNC=O)ccF)cccc6F)))))))))C=O)O))))))cc6))))))cncccn6,CCccccC)cc6
CCC)CCCNC=O)C=O)cc[nH]cccccF)c96)))))))))))CCN6C=O)cccccc6,CC=O)C=O)cc[nH]cccccF)c96
COcccncncNcccccBr)c6)))))))c6cc%10NC=O)CCOC=O)N5,CNccccC)ncnc6cc%10OC
ccccOccccOCCCCCCN6))))))))cc6)))))))cc6,CCCCCCCN6
N#Ccnc-cccccc6F)))))))oc5NCCcccccc6,CCCcccccc6
COC=O)CCO)CO)ccOC))ccO)cc6OC9ccccOC))cc6))))))C%12cccccc6,COccccCOcccO)ccOC))c6C9O)CO)CCC)=O))C%12cccccc6))))))))))))))))))cc6
COcccccc6)COcccccc6NC=O)CCCCCCC=O)NO))))))))OCCC%18,COcccccc6)COcccccc6NC=O)CCCCCCCC)=O)))))))OCCC%18
Cnnccc5C=O)Ncccc-cccccc6OCF)F)F)))))))))cN)n6,CNccccC)cN)n6
CcccCN)=O))nn5-ccccc-cccccc6OCCF)F)F))))))))))c6,CcccCN)=O))nn5C
O=CNccnn-cccccC=O)NccnnCCCNCC6))))))c5)))))))c6))))))c5))))))Ncccccc6Cl,CNcccccc6Cl
CCC)C)OC=O)NCCNC=O)OCCcccccc6-cccccc6%13)))))))))))))))))CC5C=O)O,CCCcccccc6-cccccc6%13
O=CO)CCOCcccccCl)c6))))))CccccCl)cc6))))))NCCCC3))))C6=O,CC=O)CCOCcccccCl)c6))))))CccccCl)cc6))))))NC)C6=O
CCCCCCCCC)O))ncnccN)ncnc69,CncnccN)ncnc69
CCC)CCC=CS=O)=O)cccccc6)))))))))NC=O)ccccccccnc%106,CC=O)ccccccccnc%106
CccccC=CC=O)NCCCC=O)COccO)cccc6C9%13CCNC)C%17C8))))))))))))))))))))))cc6,CNCCCC=O)COccO)cccc6C9%13CCNC)C%17C8
NcncccC=Ccc-cccccc6))))))ncsccn85))))))))))n6,CCcccncN)n6
CCO)cccccNC=O)cnnCccccF)cc6)))))))cc5CNC=O)cccc[nH]5))))))CC6C))))))))))))c6,CC=O)cnnC)cc5CNC)CC6C
CCC)C)OC=O)NCCCOcncncc6cnn5-ccccSC)=O)=O))cc6F)))))))))))))))))CC6,Ccncncc6cnn5C
NccccCCNCCO)cccccc6)))))))))))cc6,CCCccccN)cc6
O=CNcccCl)ccc6-cncccccc6[nH]c%10=O))))))))))))))))))ccccs5,Ccncccccc6[nH]c%10=O
COcccC=CcccO)ccO)c6))))))))ccc6O,CCccccO)cOC))c6
O=CCNS=O)=O)CCCCCC6)))))))))NCCCNccc[nH+]cc6)))))))))C=O)NCCCCC6,CCCCNC))CC)=O
CCncnc-ccccOC))cc6))))))c5-ccccC=CC=O)NO)))))cc6,COccccC)cc6
O=[N+][O-])ccccCNcncNCcccccCF)F)F))c6))))))))ncnc[nH]c95)))))))))))cc6,CCcccccCF)F)F))c6
CCCccccCCCNCC)C=O)O))))C=O)NCCCC)C)))C=O)Ncccccc6))))))))))))))cc6,CCCccccCCCC)CC)=O)))))cc6
CNC)cccncscc=O)nCCCCCCC7)))))))cnc6c%139,CNC)cccncscc=O)nC)cnc6c%139
CCO)CCCCO)C=CCCO)CCO)C5CCCCCCC=O)O,CCCCO)CCO)C5CCCCCCCC)=O
NcncNcccccc6)))))))nccccBr)cc%106,CcncN)cccBr)ccc6n%10
NC=NC=O)C=Ccccc-cccccc6Cl)))))))o5))))))S5,CCccccC)o5
COcccncncNccccF)cCl)c6)))))))c6cc%10NC=O)C=CCNC)CCC3,CccccF)cCl)c6
CCCCCCCCCCCCCC=O)OCCC=O)O)))C[N+]C)C)C.[Cl-],COCCCC)=O)))C[N+]C)C)C
CCC)C)[Si]C)C)OCCOCncccNC=O)cccccc6))))))))nc6=O)))))))CC5O,CC=O)cccccc6
COcccccc6OC))))CCNCCOC))cccccc6)))))))))CC6,CCCOC))cccccc6
CS=O)=O)NCCNcccccc6)CCcccccc6)))))))CNCCC4))))CC6)))))))))C4,Ccccccc6)CCcccccc6)))))))CC)CC6
CC=O)CC)OcccN)cCl)cc6C=O)NCCNCCC6CC6,CNCCNCCC6CC6
CCC)NCCO)CCOccccc[nH]ccc95,Cccccc[nH]ccc95
NCCCcccncc6)))))))NC=O)cccBr)c-cccnc[nH]ccc95)))))))))s5,CC=O)cccBr)cC)s5
CNC=O)CNC=O)CCcccccc6F))))))))NC=O)OCC)C)C))))))))CNCCF)F)F)))cccccc6%11,CNCCNC)cccccc6NC)C%11=O
CCC=O)O))cccccc6)occccCl)cc69,CC=O)CC)cccccc6)occccCl)cc69
CcccccCNCCCOcncncc6ccn5Ccccccc6)))))))))))))))))CC6)))))))n6,CCcccccC)n6
O=CNccccO)cc6O))))))))Ncccccc6Br,CNccccO)cc6O
CC=CC=O)NccccNccccF)cCl)c6)))))))ncnc6cc%10OCCCNCCOCC6,CccccF)cCl)c6
CC#CCncNCCCCN)C6))))))cc=O)nCcccccccCl)cc6n%10)))))))))))c6=O,Cccc=O)nC)c=O)n6C
CCC)C)NCCCNC=O)cccccCF)F)F))c6,CC=O)cccccCF)F)F))c6
O=CNCcnoc-ccccccc6nn9CCnccnc5))))))))))))))))n5)))))))cccccOCF)F)F)))c6,CCCnncccccc6c9C
Cl.O=CC=Ccccccc6Cl)))))))))CCNCCCCC6,CCCC=O)CC
Cccc-ccncCC)NcncccNC=O)OCC5CC)C)))))))n6))))))))nc6))))))ccc6F,CccccF)cC)c6
CCC)OccccS=O)=O)NCCCCccnccc6%10))))))))))))cc6,CCCCCccnccc6%10
O=CNCccccCl)cc6Cl)))))))))CCCC=O)N5ccccs5,CNCccccCl)cc6Cl
CCO)Ccccccc6)OCO5))))))))NCCOCC6,CCO)CC)cccccc6)OCO5
CnccOCCO)CNCC)C)C)))))))cccccc6c%10=O,CccnC)c=O)cccccc%106
CC=CCCCC)=O))nccCC)NC=O)cccccc6))))))))CC)C)))nn5,CC=O)cccccc6
CcccBr)ccc6NC=O)CNC=O)CCC5=O,CNccccBr)cc6C
CCCOC=O)cccccc6.CCCOC=O)cccccc6,CC=O)cccccc6
COC=O)CCCNC=O)ccccCl)cS=O)=O)NCccccnc6)))))))))c6)))))))CC6,CC=O)ccccCl)cSC)=O)=O))c6
CCC)CNC=O)cnnCCCCCO)CC6)))))))cccccc96)))))))))))C=O)O,CCCCCCO)CC6
COcccccc6OC)))C=O)OC5Ncccccn6,COcccccc6OC)))C=O)OC5C
CCCO)CC)COC3CCC)C=CC=CC)COC=O)CCO)CCCC)O)COCC)=O)))C=CC%12C,CCC)COC=O)CCO)CCCC)O)CC)C=CC%12C
CCCCC)CCCCCCCC=O)C5C)CCC9%13)))))))))))CC6OCOCC=O)O))CO)CO)C6O,CCCCCCCCCCC=O)C5C)CCC9C%13C)CC%17C
O=CNCcccccOCF)F)F)))c6))))))))Ccccccc6C=O)N9CCcnccF)cn6,CC=O)Ccccccc6C=O)N9C
[H]cc[H])c[H])ccCCCC=CBr))OC6=O)))))))c[H])c[H])c[H])c6c%10[H],CCBr
CCncOcccccNCCNC)CC6))))))c6)))))))nnc5CC)NS=O)=O)ccccCl)cCl)c6,CS=O)=O)ccccCl)cCl)c6
NcncCF)F)F))ncc6nnn5CCCNCcnccs5))))))CCO6,CnnnccN)ncCF)F)F))nc69
COcccccNCCNCCCCNC=O)cccc-nccnc5)))))cc6))))))))))))CC6))))))c6,COcccccC)c6
CCC=O)Occccc[nH]ccCCNC)C))))c95,Cccccc[nH]ccCCNC)C))))c95
CCNC=O)NC=O)CCcccncN)c6)))))))C4C=O)O))))))))CCCCCCCC8,CC=O)CCCcccncN)c6)))))))C=O)N4C
CcnocC)c5-cccCO)cccccn6))))))cccccn6)))))))cncCCC3)))[nH]c5c9,CcccCO)cccccn6))))))cccccn6)))))))cncCCC3)))[nH]c5c9
O=S=O)cccccc6))))))NCCNcnc-ccccs5)))))ncccccc%106))))))))))CC6,CcncC)cccccc6n%10
CccccCNC=O)cccccc6C9C=O)NCccccnc6)))))))))))))))))))cc6,CC=O)Ccccccc6C=O)N9C
C=CC=O)Ncccccc6C=O)Ncn[nH]ccc-ccccOC))cc6))))))ccc96,CNcn[nH]cccC)ccc96
COccccC=O)Ncnnc-cccccc6))))))s5)))))))cc6,COccccCC)=O))cc6
O=S=O)NCCccccnc6))))))NCCNcccccc6))))))CC6)))))))))ccccs5,CCCC)ccccnc6
CNcncsc-cccccCC)NCC)=O))))c6))))))nc5cc9ncn5C,CNCC)cccccC)c6
COcccC#N))cc-ccnccccnc6c%10))))))))))c6,COcccC)ccC#N))c6
CNC)ccccC=O)NCCC3CCNcccccc6))))))CC6))))))))))cccccc%106,CC=O)ccccNC)C))cccccc%106
COcccccF)c6CCcccccc6))))))NCCNCC6,CNCCNCC6
CCOCCNcncSC))ncc6cnn5CCBr)cccccc6,CScncC)ccnnC)c5n9
Cl.[H]C[H])NCCCC)))C=O)cccccc6)OCO5))))))))))C[H])[H])C[H])[H])C5[H])[H],CCCCC)C=O)cccccc6)OCO5
CCC)OccccCCCCCCCC5)))))CCO)=CC=O)O6))))))))cc6F,CccccCCCCCCCC5)))))CCO)=CC=O)O6))))))))cc6F
CCCCNcccccc6))))))S=O)=O)ccccO)cc6,CS=O)=O)ccccO)cc6
OCcccNCCcccNCCcc[nH]cccccc96))))))))))))ccc69)))))))))ccn6,CCCcc[nH]cccccc96
CccccC)cCncCNC)Ccccccc6)))))))))ncc5c=O)nC)c=O)n6C)))))))))))c6,CCcnccc=O)nC)c=O)n6C)))))n5C
CNC)ccccC=CC=O)Ncccccc69))))))))))cc6,CCC=O)Ncccccc69
C=CC=O)NCccoc-ccN)ncnc6NccccOCcccccF)c6))))))))cCl)c6)))))))))))))n5,CCcccccF)c6
O=ccccc[nH]6)CCCC6NCCCCCCCCCCNCCCCc[nH]c=O)ccc6%10,CCCCCc[nH]c=O)ccc6%10
O=CNcnccs5))))))ccCCl)Cl))[nH]ccCF)F)F))cccc6c%10=O,CNcnccs5
O=coccCNCCCCC6)))))))cO)ccc6cc%10-cncccccc6s9,CCccO)cccccC)c=O)oc%106
CccF)ccC=O)NCCC3)))))cc6-cccncCC)CC3)))nnc5c9,CC=O)cccC)cC)cF)c6
CCC)=CCNCCCC)cccO)ccc6CC%12C%10C,CCCNCCCC)cccO)ccc6CC%12C%10C
CCNcnocc-cccccNCCOCC6C)))))))nncc6c%10))))))))))cC)ccc96,CCNcnoccC)cC)ccc96
COccccC=O)NC=O)Ncccccc6)NC=O)C5=Ccccc[nH]5))))))))))))))))))cc6,CNcccccc6)NC=O)C5C
NC=NC=O)C=Ccccc-ccccSN)=O)=O))cc6))))))o5))))))S5,CCSCN)=NC5=O
C=CCCC=O)NCCCNccccNCCOCC6))))))cF)c6))))))C=O)O5,CNCCCNC)C=O)O5
CCNC=O)ccF)cccc6-cccccc6))))))))))))))BO)O,Ccccccc6
CNC)CCcc[nH]ccccNS=O)=O)ccCl)ncsccn85))))))))))cc96,Ccccc[nH]ccCCNC)C))))c5c9
COCCCCCC6=CC=O)OCcccccc6)))))))))NC=O)CCC)O))C74,CCcccccc6
COccccNCCNC=O)ccccNS=O)=O)ccccF)cF)c6))))))))cc6)))))))CC6))))))cc6,CNccccCC)=O))cc6
CCOC=O)OCC=O)COC=O)CC))))))CCCCCCC=CC=O)C=CC6C)C%10CO)CC%14%17C,COCC=O)CC)CCCCCCC=CC=O)C=CC6C)C%10CO)CC%14%17C
CCC)C)NCCO)COccccc[nH]ccCCN)=O)))c95,Cccccc[nH]ccCCN)=O)))c95
O=CO)CNC=O)cccccc6I,CO
CC=O)ccC)ccncNccccNCCNCC6))))))cc6)))))))nc6nCCCCC5)))))c%10=O,CC=O)ccC)ccncC)nc6nC)c%10=O
CccnCCCO)CCOCcccccc6))))))cccccc6))))))cccccc6)))))))))O5)))))c=O)[nH]c6=O,CCcccccc6))))))cccccc6))))))cccccc6
C=CCncSCC=O)NCCCCCC6))))))))))ncscc-ccccF)cc6))))))c5c9=O,CC=O)CScncsccC)c5c=O)n9C
CCC)CCNC=O)CScnccc=O)[nH]6))CCC5,CC=O)CScnccc=O)[nH]6))CCC5
Occcc-cncccCl)ccc6s9)))))))))cc6O,CccccO)cO)c6
COcccccc6C=O)NccccC=O)Ncccccc6C=O)O))))))))))cc6,CNccccCC)=O))cc6
COCCCO))OCncccccc6cccccccccc6[nH]c9c%13%20))))))))))C=O)NC)C5=O))))))))))))))CO)C6O,CNC=O)ccccccccc6nC)c9c[nH]cccccc6c%209))))))))))))))))))C5=O
O=S=O)Ncccccc6)CCC5)))))))))cccccc6,Ccccccc6)CCC5
CcccccNC=O)CCCCC=O)NO)))))))))c6,CNcccccC)c6
CCOccccNC=O)cccnc-cccco5)))))ccCF)F)F))n6n9)))))))))))cc6,CC=O)cccncC)ccCF)F)F))n6n9
O=Ccccccc6))))))cccccOCCO)CNCCCNCcccccc6C9=O))))))))))CC6))))))))))c6,CcccccC=O)cccccc6)))))))c6
O=CNCCNCCCC5))))))))cccNCCNCCOCC6)))))))))nccccCl)cc%106,CCCNcccCC)=O))cccCl)ccc6n%10
CCCnnncNC=O)cccccOCcccccc6))))))))c6))))))))n5,CCCnnncNC))n5
COccccccc-ccscC)n5)))))c=O)oc%106,CccscC)n5
CccnCCCO)CCO[Si]C)C)CC)C)C)))))O5)))))c=O)[nH]c6=O,CccnC)c=O)[nH]c6=O
CCC)OC=O)CCCCCCCCCCO)C5C=CCO)COcccF)ccc6F)))))))))))))))OC7,CCCCO)CCOCCCCCCC)=O)))))CCC7%10
O=CO)CCNCCCCC6))COcccC=Ccccccc6F)))))))))ccc69,CCCCC)=O
NC=O)cocccccc6c9NC=O)cccccCl)c6,CNccCN)=O))occcccc96
COccccc-cccNCcccccc6)OCO5))))))))))ncN)n6))))))c6,COcccccC)c6
CC=O)OCCC)=O))CCCCCCC)C=CC=O)C=CC6C)C%10F)CO)CC%14%17C,CC=O)CC)CCCCCCC)C=CC=O)C=CC6C)C%10F)CO)CC%14%17C
ON=ccc-cccsccc5cn9)))))))))occccCCCNCCOCC6)))))))))cc%106,CCCCccccocC)cc=NO))c6c%10
COccccNC=O)CSC5cccccc6)))))))))))cc6,CNC=O)CSC5cccccc6
CCC)CCCcccccc6C9))))))))))NCCO)COcccCCC=O)O))))ccF)c6F,CCC)C)CCCcccccc6C9
COCCCC=O)NCCCCBr)=NO5))))))))NC=O)OCccncccccc6c%10)))))))))))))C5,CCccncccccc6c%10
CCCCCOccccccS=O)=O)NCCCC=O)O))))C=O)O)))))ccc6c%10,CccccccSC)=O)=O))ccc6c%10
CnccCN)=O))cc5-cccncNcccNCCNCC6))))))ccc6OCF)F)F))))))))))n6,CcccCN)=O))cn5C
COcccccc6NCC=O)NCCCCCC6)))))))))SC)=O)=O,COcccccc6C
Ccccccc-cccCF)F)F))ccc6F)))))))nnCcnnnC)n5))))))c95,CcnnC)ccC)cccc96
COcccccc6OC))))CC=O)NCCCNCCCcccOC))cOC))cc68)))))))))))))CC7,CCCCNCCcccOC))cOC))cc6CC%11=O
CcccccCC=O)Ncnc-cccccn6))))))cs5))))))))coc5c9,Ccccccn6
Ncnnc-cccc[nH]cc-ccnccNCCCCCC6)))))))n6))))))c5c9)))))))))s5,Ccccc[nH]ccC)c5c9
COcccc-ccc=O)cccOC))ccc6o%10))))))))))cOC))c6,COccccocC)cc=O)c6c%10
CNC)ccccccC=O)NCCC3CCNcccccc6))))))CC6))))))))))cccc%106,CC=O)ccccccNC)C))cccc%106
C=CC=O)NCCNcncNccnC)nc5OC))))))))cncnCC)C)C))c5n9)))))))))CC5F,CcncC)cncnC)c5n9
Cncccccc-nccc-ccccCF)F)F))cn6))))))cc6=O)))))))cc69))))))CNCCC7,CccccccnC)c5c9)))CCCNC7
CCNCcccNcccncccCl)ccc%106)))))))))))ccc6O.Cl,CCNCcccC)ccc6O
COcncc-cccccc6CCNC=O)ccccCOCCF)F)F)))))nc6))))))))CO6))))))))))cn6,CNCCOcccccC)c6C%10
CCCcccccc6))))))NC=O)NCcccccc6)))))))C5=O,CCCcccccc6))))))NC=O)NC)C5=O
COcccc-ncC)ccC=O)COcccc-ncnnn5)))))cc6)))))))))c5C))))))cc6,COccccC)cc6
CCOC=O)CO)CO)CCcccc-cccCl)ccCl)c6))))))cc6)))))))NC=O)CC)N,CcccCl)ccCl)c6
CNC)CC=CC=O)NccccncncNcccccBr)c6)))))))c6c%10,CCCC)=O
CCCCCC=O)CCCCO)CC=O)C5CCCCCCC=O)O,CO
CCCOC=O)NCC)cnccccF)cc6s9,CNCC)cnccccF)cc6s9
N#CcccS=O)=O)Nccscn5)))))))ccc6OccccCl)cc6-cccccN)n6,CccccSC)=O)=O))cc6C#N
COCCCC=O)NCCNCCCC5CnncCccccCl)cc6)))))))cccccc6c%10=O,CnncCccccCl)cc6)))))))cccccc6c%10=O
CC=CCC)NC=O)CCCC)C)))NC=O)OCcccccc6)))))))))))))))[N+]=O)[O-],CNCCCC)C)))CC)=O
O=CCCCccccCl)cCl)c6))))))OCCOccccCl)cc6))))))))CN85,CCCCNC=O)CCC5ccccCl)cCl)c6))))))O8
O=CCOCccccBr)cc6N%11CccccCF)F)F))cc6,CCccccCF)F)F))cc6
N#CC=CSCNCcccco5))))))CN6C=O)CC%10ccF)cccc6Cl,CNCSC=CC#N))CccF)cccc6Cl)))))))CC=O)N6C%10
CC=O)OCOC=O)ccscc5NcccccC)c6Cl,CcccccC)c6Cl
COcccc-cncCS=O)CC=O)NCCCCC5))))))))))cC)o5)))))cc6,CC=O)CS=O)CcncC)oc5C
CCcncccc6nc-cnonc5N))))))n5CC,CCcncccc6ncC)n5CC
CnncccccNccccCl)cc6)))))))cccc6nc%10%13,Ccccccncccnn5C))))cc%106
CNCCNccF)cN)cc=O)cC=O)O))cnCCC3)))c6c%10F)))))))))))CC6,CC=O)ccnC)ccF)cC)cF)cN)c6c%10=O
Fcccccc6OCcnnc-cccccc6))))))o5,Ccccccc6F
O=CC=CC=O)N5CCCCO)CCccccO)cc6C%10CCN%12CCCC3)))))))C%14O5,CCCCCO)CCccccO)cc6C%10CCN%12C))))C%14O5
CNC=O)CNC=O)CCcccccc6F))))))))NC=O)OCC)C)C))))))))CNCCCCC4)))))cccccc6%11,CNCCcccccc6F))))))))CC)=O
COC=O)cccccNC=O)CccocccOC))ccc96))))))))))))c6,CNcccccCC)=O))c6
CCNCCCCC5))))))C=O)cccccBr)c6,CCC)C=O)cccccBr)c6
O=CC=CccccCNCCncccccc6cccccc6%13)))))))))))))))))cc6))))))))NO,Cncccccc6cccccc6%13
CCcccCl)cOC))cC=O)NCCCCNCC))C5))))))))c6O,CCcccCl)cOC))cCC)=O))c6O
C=CC=O)NCCCCNC=O)c[nH]ncc5NC=O)ccCl)cccc6Cl))))))))))))))))C6,C=CCC)=O
CNC=O)ccnC)cc5C=O)NcccC)cnnnC)c5c9)))))))))C5ccccCl)cc6,CC=O)ccnC)cc5C=O)NC)C5ccccCl)cc6
COccccC=O)NccccS=O)=O)NconcC)c5C))))))))cc6))))))))cc6,COccccCC)=O))cc6
CCCCCC=O)CCCCO)CCO)C5CC=CCCCC=O)O,CCCCCC=O)CCCCO)CCO)C5CCC
CNCCCC5CCOC=O)CCO))cccccc6)))))))))C7.O=S=O)O)O,COCCCCCCC7)N5C
CCC)CC=O)O))NC)C=O)OCcccccc6,CCcccccc6
O=CCCCCN5C=O)CCnc=O)c-cccccc6))))))ncccccc6%10))))))))))))))))))NCCCC5,Ccncccccc6nC)c%10=O
NC=O)CCO))NCccccOCcccccc6))))))))cc6,CCccccC)cc6
CCC)N=CN)N=CN)N6OCCCOccccBr)cc6,CNCN)=NCN)=NC6C)C
COcccc-ccncccccC=O)NCCCnccnc5))))))))))nc%106))))))))))cc6,CC=O)cccccnccC)c6n%10
CCC)CnncNccnccc6C=O)NC#N)))))))))))cccF)ccc69,CC=O)cccncc6C
CccccC=O)Ncc-ccccs5)))))ncccccn96)))))))))))cc6,CC=O)ccccC)cc6
OccccCScccO)ccc6OC%10ccccOCCNCCCO)C5))))))))cc6))))))))))))))))cc6,CCCOccccCOccccO)cc6SC%10ccccO)cc6))))))))))))))))cc6
Ccccc-ccC=CC#N))C=O)OCC)C)C))))))nCCCO))))cncncN)c96)))))))))cc6,CccccC)cc6
CC=O)Occcccc6SCCCcccccc6,COcccccc6SCCCcccccc6
CccC#N))cccccc6n9CC=O)NCCCCCO5,CccC#N))cccccc6n9C
CNCCCC5CCNC=O)NC=O)cccccc6OCCCC3)))))))))))))))C7,CC=O)cccccc6C
CCC)C)OC=O)NCCC=O)NCCncnnc5CF)F)F)))))C6))))))))CcccF)cF)cc6F,COCC)C)C
CccccOcccc-ccC)c=O)[nH]c=O)n6C)))))))cC)c6)))))))nccc6o9,CccccC)nccc6o9
C=CC=O)NCCCNccccCN)=O))cNccccNCCCCC6))))))nc6)))))))n6))))))C5,CNCCCCC6
Ccccccc6C=O)Ncnc-ccccnc6))))))cs5,CC=O)cccccc6C
O=CO)ccnCCC3)))cccNCCNC=S)NccccCF)F)F))cc6))))))))CC6))))))cF)cc6c%10=O,CC=O)ccnC)cccC)cF)cc6c%10=O
CCCCCCCCCC[N+]C)C)CCOC=O)CCCCCCCC6)C8)))C6.[Br-],CC=O)CCCCCCCC6)C8)))C6
CCNCC))CCCNC=O)CCCCCcccccc6%10)))))))))C5=O.Cl,CCCCNCC))CC
Cnnccc5-cccCl)ccc6OccccS=O)=O)NccccC#N))cn6))))))))cc6C#N,CccccSC)=O)=O))cc6C#N
CCcccNcncNCccccCl)cc6OC))))))))))ncccccOC))c%106)))))))))))n[nH]5,COcccccncC)ncC)c%106
CCCCCCCCCCCC=CCO)CN)CO,CCCO)CN)CO
CCCCCCCC=CC=O)C=CC6C)C%10Cl)CO)CC%14C)C%17OC=O)cccco5)))))))C=O)CCl,CCCCCCCC=CC=O)C=CC6C)C%10Cl)CO)CC%14C)C%17C)C=O)CCl
CCNCCNccccOCF)F)F)))cNcncccn6)-cccCN)=O))nn5C))))CC6))))))))))c6))))))CC6,Ccncccn6)-cccCN)=O))nn5C))))CC6
CccccC=O)NCN)=Ncccccccccc%106))))))))))))))cc6,CNCN)=Ncccccccccc%106
CC=O)NccccNC=O)cccccc6Br)))))))))cc6,CC=O)cccccc6Br
CCC)CCCC5CS=O)=O)NccccSN)=O)=O))cc6)))))))))C=O)C6,CNccccSN)=O)=O))cc6
CCC)NCCO)COcccccc6CCCCCC6C5.Cl,Ccccccc6CCCCCC6C5
O=CNN=CccccScccccn6)))))))o5))))))))cccccF)c6,CNN=CccccScccccn6)))))))o5
CNCCCNcccc-cccc[nH]ccc5c9)))))))))nn6))))))CC5C8.CccccS=O)=O)O))cc6,Ccccc[nH]ccc5c9
CcccC=CSC=Ncccccc6)))))))NC5=O)))))))cC)n5-cccccc6,CCSC=Ncccccc6)))))))NC5=O
CSCCCNC=O)COccccCl)cc6Cl)))))))))))C=O)O,CccccCl)cc6Cl
O=CNccccNC=O)CCCCCCC6)))))C5=O))))))cCl)c6)))))))cccccn6,CNC=O)CCCCCCC6)))))C5=O
CCOcccncncNccccF)cCl)c6)))))))c6cc%10NC=O)C=CCNCCC3,CCOcccncncC)c6cc%10NC
Ccccccc6Ncnc-cccncc6))))))cs5,Ccccccc6C
CCCNCC=O)NCCC)C)cnccCccccF)cc6)))))))cc69)))))))))))CCNCCOCC6C))))))))CN6,CNCCC)C)cnccCccccF)cc6)))))))cc69
COcccccc6OCCCNCcccccc6C9)))))))))))))))N=CN)C5CCCC5,COcccccc6C)))N=CN)C5CCCC5
CcccccCC=O)NCCcc5ccc-ccnC)cncncN)c96)))))))))c6F))))))))))))n6,Ccccccc6F))CCN5C
COC=O)C=CcccCF)F)F))ccc=O)ncNCCNCCCCCCC6)))))))CC6))))))sc%106,CCcccCF)F)F))ccc=O)ncC)sc%106
CCC)C)NCCCOcccccc6-cccccc6C9=O))))))))))))))))OC=O)CC)C)C,CCCC)COcccccc6-cccccc6C9=O
OCcscNccccF)cCF)F)F))c6)))))))nc5-cccncc6,CccccF)cCF)F)F))c6
CCC=NNC=O)CCcccccc6)))))))))CO)CF)F)F))C5,CC=O)CCcccccc6
CCC=O)OCC=O)COC=O)CC))))CC)CCCCCl)CC=CC=O)C=CC6C)C%10CO)CC%14%17C,COCC=O)COC))CC)CCCCCl)CC=CC=O)C=CC6C)C%10CO)CC%14%17C
CCCCOCCOC=O)Ccccccc6))))))NCCCCC6,CCCCOCCC
CCC)C)cccCCCCCC6))))))ccc6OC=O)cccc[n+][O-])c6,CccccCCCCCC6))))))cc6CC)C)C
CCCNCCccccs5)))))))CCCccO)cccc6C%10.Cl,CCCCccO)cccc6C%10
COccc-cncnC=CC=O)OCC)C))))))n5)))))ccCF)F)F))c6,COcccC)ccCF)F)F))c6
COC=O)CCccccCl)cc6))))))CCCCC7N5C,COC
CCCCC=O)Occcccc6-cccOC))ccc6CC%10)NC)CC6,COcccccc6)-cccccc6OC))))))CC6NC)CC%10
O=cncOCCCOCCO6))))))))ccn6CCcccC#CCCC3)))))ccc6-%10,Ccccnc=O)n6))CCcccC#CCCC3)))))ccc6-%10
CNccccOC=O)NCCCCCCNCCOCC6)))))))))))))))cc6CNCCcccccc6C%10%18,Ccccccc6)CNCCcccccc6C%10N%14C
CScsc-cccnCC)=O))n5)))))cc5C=O)CCC)C)C6,CcccnC)n5
CCCCCCC=O)NCC=O)NCCCCCCO5)C6CC=CCCCC=O)O,CCCCCCCCO5)C6CNC
COcccOC))cC=CS=O)=O)CccccOC))cOP=O)O)O)))c6))))))))))cOC))c6,CCS=O)=O)CccccOC))cOP=O)O)O)))c6
O=CO)ccnCCOcccccc6Cl))))))))))cccccc96,CC=O)ccnC)cccccc96
CC=CC=O)OCCCCC5)))))))CccccCl)cc6))))))NC=O)N6,CC=O)C=CC)NC=O)NC6ccccCl)cc6
CC=O)Occccncccc=O)cc-6oc%10c%14,COccccncccc=O)cc-6oc%10c%14
[H]cc[H])c[H])cOcccccO)cC=O)NCC=O)O)))))ncC)c6c%10)))))))))))c[H])c6[H],CC=O)cncC)cccC)ccc6c%10O
CCOccccnc6NC)CCCNCcccccc6)))))))CC6.O=CO)C=CC=O)O,CCcccccc6
CccsccNCC)CNCCNS=O)=O)ccccCl)cCl)c6)))))))CC6)))))))))ncnc96,CccsccC)ncnc96
O=CO)CCNCCcoc-ccccOCcccccc6F)))))))))cc6))))))cc5C9,CccccC)cc6
COccccC=O)C=Ccccccc6Cl))))))))))cc6,CCC=O)ccccOC))cc6
COcccNcccccn6)OCcccccc6))))))CNC)C7)))))))))))ccc6-ncncC)c5,Ccccccn6)OCcccccc6))))))CNC)C7
O=CCOccnc-ccccOCF)F)))cc6))))))nnc5cn9))))))))))CccccF)cF)c6))))))N4CCC3,CCC=O)NC)C4ccccF)cF)c6
CccccCNC=O)Ccccccc6C=O)NC)C%10ccnC)cccccc96))))))))))))))))))))))cc6,CC=O)Ccccccc6C=O)NC)C%10ccnC)cccccc96
CCCCSCCCNC=O)OCC)C)C)))))C=O)O,CCCCSCCCNC))CC)=O
CCCccccccOC))ccc6c%10))))))))))CC)C)C=O)O,CCCccccccOC))ccc6c%10))))))))))CC)C)CC)=O
O=CNCCOP=O)O)OCcccccc6)))))))))))C=O)O))))OCCcccccc6-cccccc6%13,CCCcccccc6-cccccc6%13
CCCCcccncc6NC=O)cncCCCCCC6))))))ccc6N)))))))))))))))CCN)C6O,CC=O)cncCCCCCC6))))))ccc6N
CCC)CNC=O)CCCCN5C=O)CNC=O)OCcccccc6))))))))))CC)C)))))))))))C=O)ccccs5,CCcccccc6
CCC)CC=O)OCCC=O)OCC=COC=O)ccccCl)cc69))))))))))))))C[N+]C)C)C,CCC=COC=O)ccccCl)cc69
ccccccNcnocccccc96))))))))))ccc6c%10,Cccccccccc6c%10
COC=O)NCC=O)NCCCC5C=O)NCC=O)CF)F)F)))CC)C)))))))))))CC)C,CNCCC)=O))CC)C
COcccccc6)ccn5C=O)cccccc6))))))))CCCC=O)O))C6,COcccccc6)ccn5C))CCCCC)=O))C6
COcccccc6NCCNCccNCC)=O)))scC)c5C)))))))CC6,COcccccc6C
[H]C[H])[H])CNCCO)cccccccCC))c6o9))))))))))))C[H])[H])[H]))C[H])[H])[H],CCcccccccCO)CC)))oc95
CNCC)C=O)NCCC=CCCCCcccccc6)))))))CCC=O)NCCCCcccccc6%10))))))))))))N5C%11=O,CNCCC=CCCCCcccccc6)))))))CCCC)=O))N5C%11=O
COC=O)CccscN=CccO)n-cccccCF)F)F))c6))))))c=O)cccccc%106))))))))))))n5,COC
O=CCCCcccccc6)))))))))NccccC=O)NO)))cc6,CNccccCC)=O))cc6
CCNC=O)CS)Ccccccc6))))))))))C=O)NCCCC5C=O)O,CC=O)CS)Ccccccc6
CCC=O)Ncccccc6))))))CCCNCCcccccC)c6))))))))CC6.Cl,CCCcccccC)c6
CCC=O)O))cccc-ccnccccc6n9)))))))))cc6,CC=O)CC)ccccC)cc6
COccccCCcccccc6CF)F)F))))))NCCNC)C))))C=O)C7C))))))))cc6,COccccCCcccccc6CF)F)F))))))NC)C=O)C7C))))))))cc6
CCC)CCCNS=O)=O)cccccCl)ccc6[nH]9))))))))))CCN6C=O)cncc-cccncc6))))))cn6,CS=O)=O)cccccCl)ccc6[nH]9
C=CCNC=O)ccN)nCCNCCOCC6))))))))cncccccc6nc%13%10,CC=O)ccN)nC)cncccccc6nc%13%10
C=CCNC=O)OCC)Ccccccc6-ccccc[nH]cccccc69)))))))c6%13)))CNC5=O,CCC)Ccccccc6-ccccc[nH]cccccc69)))))))c6%13)))CNC5=O
COccccNCCNC=O)ccccncNCCCC)CC6))))))sc5c9))))))))))CC6))))))cc6,CNCCNC)CC6
CNC=O)C=Ccccoc5))))))))CCCCO)CCccccO)cc6C%10CCN%12CCCC3)))))))C%14O5,CCcccoc5
CCCNCC=O)NC)CCC#N)))))))C=O)ccc-ccccC#N))cc6NC=O)CF))))))))))nn59,CNcccC#N))ccc6C
CcccccN)cC=O)NCCCcccNCCCCCC7)N5)))))))ccc6C%10))))))))))))sc5n9,CC=O)cscncC)ccc6c9N
O=CCCCNCcccBr)ccc6C9=O))))))))))C=O)N6,CNCcccBr)ccc6C9=O
CCC=CC=O)C=C6CF)CCCCCCNCcccccCl)c6)))))))CC5C=O)CO)))C8C)CCO)C%12%20F,CNCCCCCCCF)C=CC=O)C=CC6C)C%10F)CO)CC%14C)C%17C=O)CO)))C%20
Ccnnccccc6c9CCNCccccC=CC=O)NO)))))cc6)))))))CC)C,CCccccCC))cc6
O=CO)cccNCCccccCF)F)F))cc6)))))))))ccc6O,CCCccccCF)F)F))cc6
O=CCCC=CCCCC73)))C6C=O)N9ccccCcccncc6)))))))cc6,CccccCcccncc6)))))))cc6
CCC)C)NCCO)cccBr)cN)cBr)c6,CCCO)cccBr)cN)cBr)c6
CCOC=O)ccnccC)cccc6c%10NCcccco5,CC=O)ccnccC)cccc6c%10C
O=cnCcncCCC3)))co5))))))ncccc-ccccOCF)F)F)))cc6))))))cn96,CccccnnC)c=O)n5c9
Cncncc5CCNC=O)OCCcccccc6-cccccc6%13)))))))))))))))))C=O)O,CCCcccccc6-cccccc6%13
CCnc=O)nC=CCO))CNCCCCCCCCC8)))))))))CC6))))))cccccc69,CCnc=O)nC)cccccc69
CCCCCnncC=O)NCC=O)OC)))CC)C)))))cccccc69,CC=O)cnnC)cccccc96
Ccnccc=O)n-ccccCl)cc6))))))[nH]c5c9I,CccccCl)cc6
CCCCOcccccc6))))))))OPC)=O)Cl,Ccccccc6
CCCCCCCCCCCC=O)NCCO))CCO)cccccc6,CNCCO))CCO)cccccc6
COC=O)NCCCNccccNCCCOC4)))C4))))cF)c6))))))C=O)O5,CccccC)cF)c6
COccccNC=O)CCl)))CC=O)NCCCCCC6))))))))ccccnc6))))))))cc6,CC=O)CC)ccccnc6
OccccC=NNCCNcccccc6))))))CC6))))))))cc6O,CN=CccccO)cO)c6
CC=O)OCC=O)ccO)ccO)cc6OC%10cccccc6,CCC)=O
COcccc-cnc-cccncN)n6))))))sc5CN)=O)))))))cCl)c6,COccccC)cCl)c6
COC=O)C=COCC)OC))OC5CCCCCCC=CC=O)CCC6C%10CCC%14%17C,COCC)OCC)CCCCCCCC=CC=O)CCC6C%10CCC%14%17C)))))))))))))))))O5
Br.CcncN)sc5-ccscNccccNC)C))cc6)))))))n5,CccccNC)C))cc6
CCCOCCN6cnc-cnncc[nH]ccc95)))))))))ccc6ncn5C,Ccnncc[nH]ccc95
Ccoc-cccccC#N))c6))))))nc5CCOcccccc6)CCC5CC=O)O,CC=O)CCCCcccC)ccc69
CcccncNcncO)cC)c=O)[nH]6)))))))ncC)c6cc%10C,CcncC)cccC)cC)cc6n%10
NC=O)ccnCCO))CCnccccccNC=O)CCcccccc6))))))))))cc69))))))))))))cn5,CC=O)CCcccccc6
C=CCCNCCC6CC6COC=O)OCC)))))cccnccccOC))cc%106,C=CCCNCCC6CC6COC))cccnccccOC))cc%106
O=COCCF))CF)F)F))))NCCCC5)C3cccn-ccccF)cc6))))))n5,CNCCCC5)C3cccnC)n5
CNC=O)CNC=O)C=CccccCl)cc6Cl)))))))))))N=Ccccccc6))))))cccccc6%11,CNCN=Ccccccc6))))))cccccc6NC)C%11=O
Ccncccccn6c9C=O)NCC)cccccc6,CNCC)cccccc6
CS=O)=O)Ncccccc6CCCC6ccnc[nH]5,CNcccccc6CCCC6ccnc[nH]5
N#CcccNC=O)Ccccccc6C=O)NCCF)F)F)))C%10ccccnc6))))))))))))))))))ccc6F,CNccccF)cC#N))c6
CNcccc-cnccccF)cc6s9)))))))))cc6,CNccccC)cc6
CCCSC=O)cccccc6)))))))))C=O)NCCScccccc6)))))))CC5C=O)O,CC=O)CC)CSC=O)cccccc6
CCCScnnccn6)OCC=Ccccco5)))))))Ncccccc6-%11,CCCScnnccn6)OCCC))Ncccccc6-%11
CCC)NC=O)OCCCNCCCC=O)ccccF)cc6))))))))))CC6,COCCCNC)CC6
N#CcccF)ccCCCF)CN5cccnnccCN)=O))c5c9))))))))))))))c6,CcccnnccCN)=O))c5c9
CCCO))CO))NCccccccccc6ccc%10cccccc%186.CS=O)=O)O,CCccccccccc6ccc%10cccccc%186
N#CccccOCCCCC=O)C5CC8NCCCCN)C6)))))))))))))))cc6,CCCCC=O)CCC5C8C
COccccNC=O)cccOCCCNC)C))))))nn5Ccccccc6))))))))))))))cc6.Cl,CNccccOC))cc6
CNCcccccCl)c6)))))))C=O)ccnccnnc-ccccOCF)F)))cc6))))))n95,CC=O)ccnccnncC)n95
COcccnncCN)=O))cNccccC)cc6F))))))))c6cc%10NCCNC=O)CC)O)))CC6,COcccnncCN)=O))cC)c6cc%10C
COC=O)cccccc6SC=O)ccccCO[N+]=O)[O-]))))cc6,COC
OccCNCCNcccccn6))))))CC6)))))))ccCl)ccccnc%106,CCcccCl)ccccnc6c%10O
CNC=O)ccF)cccc6NcncNcccccc6OC))))CCN5C=O)CNC)C))))))))))))nc[nH]ccc95,CcncC)ccc[nH]c5n9
ccnnncc-cccncNcccccc6)OCCO6))))))))))n6))))))c5c9,Ccccccc6)OCCO6
C=CC=O)Ncccccc6OcncNccnnC)c5))))))ncc6Cl,CNcccccc6C
CCC)C)CNcncncccc-cccccc6)OCO5))))))))cc%106,CccccncncC)c6c%10
N#Ccc[nH]cccc-cccc-ccO)cccc6O)))))))cc6))))))cc96,Ccccc[nH]ccC#N))c5c9
CCCCCN5S=O)=O)ccccC=O))cc6,CCCCCN5C
COC=O)CccccF)cc6))))))CCCCCN6,CC=O)CccccF)cc6))))))CCCCCN6
O=CNccccc-cccn[nH]5)))))c6)))))))ccccCF)F)F))[nH]c6=O,CC=O)ccccCF)F)F))[nH]c6=O
CCC)CCCCC)CN5C=O)ccccF)cS=O)=O)NCCOCC6)))))))c6)))))))))C6,CNCCOCC6
C#CcccccNcncncccOC))cNC=O)C=CCNCCCCC6)))))))))))cc%106)))))))))))c6,CNccccC)ncnc6cc%10OC
CC=CCCC5NC=O)NccccCl)cS=O)=O)CC)CCOC5))))))c6O,CNCCCC=C5C
CCNC=S)NCCCC5cc9ncCC)NCCOCC6)))))))[nH]c6=O,CNCCOCC6
COcccccc6NCC=O)NCcccccn6))))))))))SC)=O)=O,CNCcccccn6
COccccoc-cccccc6))))))cOC))c=O)c6c%10,COccccocC)cOC))c=O)c6c%10
CCCCccccC#N))cncccc%106))))))))))CNC=O)CCCCNC)CC6))))))))C6,CCCCccccC#N))cncccc%106))))))))))CNC)C6
CCC)CCCNCCO)CccccO)cI)c6))))))))))CCC=CCCCC=O)O))))))))C6C6,CCCCCC)CCCC6C4C)C
CcccOcncccoccc95))))))))))ccc6-cncN)cnc6C,Ccncccoccc95
Cccc=O)occcccc6c%10nn%13-cccccc6,Cccc=O)occcccc6c%10nn%13C
CCccC)cC#N))cncccccc6n9c%13NCCOCC6,CCccC)cC#N))cncccccc6n9c%13C
CC=O)NN=CccccCl)cc6))))))OC5C)C,CNN=CccccCl)cc6))))))OC5C)C
NcncN)ccOCcccco5)))))))cccc6n%10,CcccccncN)ncN)c%106
CCOccccCNC=O)ccc=O)[nH]ccccS=O)=O)NCCCCC6)))))))cc%106)))))))))))))cc6,CC=O)ccc=O)[nH]ccccSC)=O)=O))cc%106
CcccC)ccNcncNCCCCCC6N))))))))nccnc5c9CN)=O))))))))))))c6,CcncC)nccnc5c9CN)=O
CCOCncccccc6cccccccccc6[nH]c9c%13%20))))))))))CNC5=O))))))))))))))CO)CO)C6O,Cncccccc6cccccccccc6[nH]c9c%13%20))))))))))CNC5=O
COccccS=O)=O)NCCCNC#N)))ccc-cncnc[nH]ccc95)))))))))ccc69)))))))))))cc6,CNCCCC)cccC)ccc69
CccccC=O)OccocCScncccn6))))))))cc6=O)))))))))cc6[N+]=O)[O-],CC=O)ccccC)c[N+]=O)[O-]))c6
CCCCC=O)COccOC))cccc6C9CCNCCCC3))))CC8)C%176,CCCCC=O)COccOC))cccc6C9CCNC)CC8)C%176
COccc-cncncccn6c9Ncccccc6C)))))))))))))))))ccc6O,Ccncncccn6c9C
COcccccNS=O)=O)ccc-ccC)noc5C))))))ccc6C)))))))))c6,COcccccC)c6
O=CO)CNC=O)C=CO)CCNCccccOcccccc6F))))))))cc6)))))))C6=O,Ccccccc6F
CNC=O)CCC=CccccNC)cncccn6)))))))cc6)))))))))NC=O)ccF)cccc6F,CCccccC)cc6
CNC)CccccCSCCNcnnccc6[N+]=O)[O-])))))))))))))o5,Ccnnccc6[N+]=O)[O-]
N#CCcccccn6))))))CCNCcccC=O)O))c=O)nccccc%106)))))))))))CC6,CCcccCC)=O))c=O)nccccc%106
CCNC=O)CCCC=CCCCO)CCO)C5CCCO)CCcccccc6,CCCCCO)CCO)C5CCCO)CCcccccc6
CCC=O)Ncccccc6))))))CC)CCNCCcccccc6))))))))CC6.Cl,CCCcccccc6
CccccC=CC=O)NCCC)C)CNC=O)C=CccccC)o5))))))))))))))))o5,CCccccC)o5
N#CCCCCN5C=O)CNC=O)cccnccccF)cc%106,CC=O)cccnccccF)cc%106
CC=CCNCCCcccO)ccc6NC)C%129CCC%17C%13CO))C=O)OC,COC
NC=O)CCCCC3))))NC=O)ccncNCCF)F)C4))))cOCCCC3)))))n6,CNCCCCC3))))CN)=O
C=CC=O)NccccS=O)=O)NCCCNC=O)OCcccccc6))))))))))CC6)))))))cc6,CCcccccc6
O=CCOcccccc6NCCNCCO)COcccccc6C=O)cccccc6)))))))))))))))))CC6))))))))))N6,Ccccccc6C=O)cccccc6
O=CO)cccc-cnccC=O)O))s5)))))nc6,CC=O)ccncC)s5
NS=O)=O)ccccNC=O)Ccccccc6)))))))))cCl)c6,CNccccSN)=O)=O))cc6Cl
O=c[nH]ncSCccsc-cccccc6))))))n5)))))))c=O)[nH]6,CcncCScn[nH]c=O)[nH]c6=O)))))))))cs5
CccnS=O)=O)cccccc6C=O)O)))))))))cccccc96,CccnC)cccccc96
O=CNCccccnc6))))))))NccccS=O)=O)NCCCNCC7))))))))cc6,CNccccSC)=O)=O))cc6
N#CcccOcccc-cccccCO)CO)CN)=O))))n6))))))cc6)))))))ccc6CF)F)F,CccccCF)F)F))cC#N))c6
O=CCCCC=CCCCO)CCO)C5CCCO)CCcccccc6))))))))))))))))))))))OCCCCO[N+]=O)[O-],CCCCCO)CCO)C5CCCO)CCcccccc6
CNcncccNCCCNC=O)NccccCNCCOCC6)))))))cCF)F)F))c6)))))))))C5)))))n6,CCccccNC))cc6CF)F)F
CCNCCCNCC=CCNCCCNCC.Cl.Cl.Cl.Cl,CCC=CCC
O=S=O)NccccO)cBr)c6)))))))ccccCl)cc6,CNccccO)cBr)c6
Ccccccc6NC=O)cncccccc6s9,CNcccccc6C
C.N#CC=CccccO)cO)c6)))))))C=O)NCcccccc6,CNCcccccc6
C#CCScncNNCN)=S))))cC#N))c-cccOC))cOC))cOC))c6))))))n6,C#CCScncC)cC#N))cC)n6
OC=CO)O.[NH2-].[NH2-].[Pt+2],CCO)O
O=CO)COcccCl)ccc6C=O)NCccccc[N+]=O)[O-]))c6,CNCccccc[N+]=O)[O-]))c6
CCC)CCCO))NcncSCcccccc6Cl)))))))))ncncN)sc95,CCC)CCC)CO
COCCOC=O)C=CNCCOCC6)))))))C=CO)C=O)C=CCOCC)=O)))CCC)CO)CCC95)))))))C6%10C,COCCOC=O)CC)C=CO)C=O)C=CCOC))CCC)CO)CCC95)))))))C6%10C
CCCCNC)C=O)cccccccOC))ccc6nc%10o%13,COccccncocCC)=O))cc5cc9c%13
CCNCCNC=O)ccC)[nH]cC=CC=O)NccccF)cc69))))))))))c5C.Cl,CCC=O)NccccF)cc69
CNC)CC=CC=O)NccccNccccF)cC#N))c6)))))))ncnc6cc%10OCCCOC5,CNccccC)ncnc6cc%10C
CCCC)Ccccccc6-cncNCCO))))n-cccccc6))))))c=O)c6%14,CCCC)Ccccccc6-cncC)nC)c=O)c6%14
C=CC=O)NCCCncc-cccccccC)c6s9)))))))))ccN)ncnc69)))))))))C5,CccnC)cncncN)c96
CNCCNS=O)=O)cccc-ccccCCC3C#N))NC=O)CN)Cccccs5))))))))))))cc6))))))cc6)))))))CC6,CC=O)CN)Cccccs5
CCCCccC)nn-cnnccccccc6nCC))c9n%13)))))))))))))c5C,CCncccccc6cnncC)nc6%13
CNCCCC5CCOC=O)CO)cccccc6)))))))))C7,CC=O)CO)cccccc6
CC=O)NccccNcnc-ccccs5)))))cs5))))))cc6,CNccccC)cc6
O=CNcccncc6)))))))NCCNcnc-cccccc6))))))ns5)))))CC6,Ccccccc6
O=CO)CCSCcccccc6O)))))))N5C=O)CCS,CC=O)CCSCcccccc6O)))))))N5C
CCC)Occcc-cnc-cccccc6)CCNCCCC=O)O)))))CC7))))))))))no5)))))cc6C#N,CcnocC)n5
COcccc-ncN)c-cncccccc6n9C))))))))))sc5=S))))))cc6,Ccncccccc6n9C
O=S=O)NcccccCF)F)F))c6)))))))ccccs5,CcccccCF)F)F))c6
CCC)Ccccccc6)))))))NCCO)ccccO)c[nH]c=O)sc95,CCCO)ccccO)c[nH]c=O)sc95
CCC)NC=O)CNcccccc6Cl)))))))SC)=O)=O,CCCC)=O
CCOcccNcccncCO))c6)))))))ccc6NCCcc[nH]cccOC))ccc96,CCOcccC)ccc6C
CcccC)nCCO)COccccCl)cc6Cl)))))))))))n5,CccccCl)cc6Cl
CScncNCCCCC6))))))ccnnCCCl)cccccc6))))))))c5n9,CCCCl)cccccc6
CC=O)Occcccc6C=O)OccC)occc6=O,CC=O)cccccc6C
C#CCNCccccF)cc6)))))))cccC)cNC=O)OC))))cC)c6,CNccC)ccC)cc6C
O=CCScnnc-cccncc6))))))n5-cccccc6)))))))))))))cccccc6)OCCO6,CcnncSCC=O)cccccc6)OCCO6))))))))))))n5C
COcccc-ncC=CC=O)Ncccccc69))))))))))ncccccc6c%10=O)))))))))))cc6,CCcncccccc6c=O)n%10C
CCCCSCCCNCcc[nH]ccN)ncnc96))))))))))CC5O,CCcc[nH]ccN)ncnc96
O=CNCccccOCF)F)F)))cc6))))))))Ccccccc6C=O)N9CCCOCC6,CCCCOCC6
CcccccC=O)CC)NCCCC5)))))))c6.Cl,CcccccC=O)CC)C)))c6
CncSCC=O)Ncsccc5C#N)))))))))))nnc5-cccccc6,CC=O)CScnncC)n5C
Ccncc-cccncNccccC=O)NO)))s5))))))n6))))))n5CC)C,CcccncC)n6
CC=O)OCCC)=O))CCCCCCC=CC=O)CCC6C)C%10F)CO)CC%14%17C,COCCC)=O))CCCCCCC=CC=O)CCC6C)C%10F)CO)CC%14%17C
CNCCOcccccc6cccC)ccc6n9Ccccccc6,Ccccccc6)ccC)cccc6n9C
Cccc=O)cco6)-ccccO)cO)c6C=O)O))))))OC6,CC=O)ccO)cO)ccc6-cocC)cc=O)c6CO%10
C#CCNC=O)cccccc6)C=O)OC5ccccO)cc6OcccO)ccc6%14,CC=O)cccccc6)C=O)OC5ccccO)cc6OcccO)ccc6%14
CCccccCNCCO)cccccc6))))))))))cc6,CCccccCC))cc6
NCcccOcccccC=O)NCCO)CF)C5))))))c6)))))))ncCF)F)F))c6,CcccCN))ccCF)F)F))n6
COccccNCccncNccccF)cc6)))))))nc6NCCCCO)C5)))))C%10=O)))))))))))cc6,Ccncccn6)NC)C=O)NC)C6
ClccccNCnnncccccc69)))))))))))cc6,CCNccccCl)cc6
O=CCCNCCOCC6))))))C=O)N5cccccCl)c6,CcccccCl)c6
C=CC=O)NCCCNcnccCN)=O))cNccccF)cc6)))))))n6))))))C5,CcnccCN)=O))cC)n6
O=ccCl)c-cccccc6))))))on5CCO)CNCCOCC6,Ccccccc6
CccccNcccccC=O)NcccF)cOCC)C)C)))cF)c6))))))))c6OCC%10CO))))))))))))nc6,CNcccF)cC)cF)c6
CCNC=O)NN=CcccF)ccc6F)))))))CC5CCCN))))cccccc6,CNN=CcccF)ccc6F)))))))CC5CCCN))))cccccc6
O=CCcccccc6)))))))Ncnc-ccccBr)cc6))))))cs5,CC=O)Ccccccc6
COccc-ccn[nH]c5)))))ccc6C=O)Ncccccc6)CCNCC7.Cl,COcccC)ccc6CC)=O
C=CCOC=O)CCNC=O)OCCcccccc6-cccccc6%13)))))))))))))))))C=O)O,CCCcccccc6-cccccc6%13
NC=O)CCCCccccOcnnnn5-cccccc6OCF)F)F)))))))))))))))cc6))))))N5,CccccCCCCCN)=O))N5)))))cc6
C=CC=O)OCccC)cOC=O)ccccF)cc6F)))))))))ccC)c6CCC%13%10,C=CC=O)OCccC)cC)ccC)c6CCC%13%10
COcncc-ccccnccCl)c=O)n6c%10))))))))))cc6NS=O)=O)ccccF)cc6F,CNcccC)cnc6OC
CccccS=O)=O)NC)CC)Ccccccc6))))))))))cc6,CCC)Ccccccc6
N#CcccS=O)=O)Nccscn5)))))))ccc6OccccCl)cc6-cccnn5CCNC4,CccccSC)=O)=O))cc6C#N
NCCccccO)cBr)c6)))))))C=O)O,CC=O)CN)CccccO)cBr)c6
CCC=O)OCCC))C=O)OCcc6ccnc6=O))Ccccccccc6nc%10-%13,CCCOC))C=O)OCcc6ccnc6=O))Ccccccccc6nc%10-%13
CccccCCNC=O)ccccccccc6c%10))))))))))))C=O)O))))cc6,CC=O)ccccccccc6c%10
N#CccccCncncc5-ccccF)cc6))))))))))))cc6,CCccccC#N))cc6
CccccNcccncNcccccCN)=O))c6)))))))n6)))))))cc6O.Cl,CcccccCN)=O))c6
COccccS=O)=O)NccccCNCCNC=O)cccccC#N))c6)))))))CC6)))))))cc6))))))))cc6,COccccSC)=O)=O))cc6
CCC)C)OC=O)NCCCcccccc6))))))))CC=O)O,CNCCCcccccc6))))))))CCC)=O
CCCNCC=CI))))CCCcccccO)c6C%10,CCCNCCC)))CCCcccccO)c6C%10
O=CCC=O)Ccccc-cccccc6))))))cc6))))))NCCNcccc[N+]=O)[O-]))cc6))))))CC6))))))C=O)N6,CccccCC)C=O)CC=O)NC6=O)))))))cc6
O=CO)CCcccCl)ccc6C=O)NN%10ccccsnnc5c9,CC=O)CCcccCl)ccc6C=O)NN%10C
CnncCC)C)C))cc5NC=O)NccccCl)cc6,CNccccCl)cc6
CCCC=O)NCCNCC=CccccC)cc6)))))))))CC6.Cl,CCC=CccccC)cc6
Ncncc-ccn[nH]c5)))))cc6-cncnccCl)cc6[nH]9,CcncnccCl)cc6[nH]9
CCC)COcncc-cccF)c-cn[nH]cS=O)=O)NCCC3)))))n5)))))cc6F)))))))cc6Cl,CcccF)cC)cc6F
CCOC=O)CNC=O)cnnCCCCF)))))cccccc96)))))))))))CC)C)C,CC=O)cnnC)cccccc96
O=CCNCCCC5))))))Ncccccc6Ccccccc6,CNcccccc6Ccccccc6
C=CC=O)NcccccNcncncNccccC=O)NCCCCC6)))))))cc6)))))))n6)))))))c6,CC=O)ccccC)cc6
O=CO)ccccC=O)ccccNCcccccc6))))))))cc6)))))))cc6,CCcccccc6
CCccccc-cnccOCCCCNC)CC6))))))))cn6))))))c6))))))ncc-cccC#N))ccn6))))))ccF)c6=O,CcccccCC)C))c6
OCCNCCCCC6)))))))cccc[se]5,CNCCCCC6
Ccccc-ccccCcnnnn5C=O)NC)C)))))))))cc6))))))cc6,CccccCcnnnn5C)))))))cc6
CCC)cc-ccccF)cc6))))))nc-ccccF)cc6))))))n5C=CCO)CCO)CC=O)[O-],CC=CCO)CCO)CC=O)[O-]
O=CNcccon5))))))NCCNcnc-cccccc6))))))ns5)))))CC6,Ccccccc6
CCNCC))C=O)CcccccNS=O)=O)cccccCl)c6C)))))))))n6,CccCl)cccc6SC)=O)=O
N#CC=CccCl)cccc6Cl))))))))cnnCCO)))cN)c5C#N,CCC#N))cnnC)cN)c5C#N
NCcccOcccccC=O)NCCCN)C5))))))c6)))))))ncCF)F)F))c6,CcccCN))ccCF)F)F))n6
FccccCCOccnccnncOccccCl)cc6)))))))n95))))))))))))cc6F,CccnccnncC)n95
CCOC=O)ccc-ccccOC))cc6F)))))))ncc6cC)nn5CCC#N,CC=O)cccC)ncc6cC)nn5C
CCNCCC)CCCOC))CC6COCC)=O)))COCOC5CCOC))CCC%13O)C7C5OC)))))))))))))C%115,CCNCCC)CCCOC))CC6COC))COCOC5CCOC))CCC%13O)C7C5OC)))))))))))))C%115
CCC)NC=O)ccccccccc6c%10)))))))))))CCCNC5,CC=O)ccccccccc6c%10
CccccCNC=O)cnn-ccccF)cc6))))))cCCCO)CCO)CC=O)O))))))))c5CC)C))))))))))cc6,CC=O)CCO)CCO)CCccCC)C))cCC)=O))nn5C
CNC)CCNccc-ncccccF)ccc69))))))C=O)CCC6)))))))ccc6CN)=O,CncccccF)ccc69))))))C=O)CCC6
C=CC=O)Ncccc-nc=O)cnccncNccccOC))cc6)))))))nc6%10))))))))))cc6,Ccnccncc=O)nC)c6n%10
CNC)C=S)N=cssc=NC=S)NC)C))))n5-cccccc6)OCO5,Ccccccc6)OCO5
CCNC=O)ccccNCCOCC6C)))))))ccnc6[nH]9,CCNC
COcccncCCC3)))ncNCCNS=O)=O)cccccc6)))))))CC6))))))c6cc%10OC,COcccncCCC3)))ncC)c6cc%10OC
CC=CC=COCC)C6C)))))C=O)CC=O)O))=C6O,CO
Cl.[H]C[H])[H])NCCCcc[nH]ccccCCS=O)=O)NC)))))cc96)))))))))CC6,CNC
NC=O)ccccOccccCN)=O))cc6)))))))cc6,CccccCN)=O))cc6
CCCCCCC)O)C=CCCCC=O)C5CCCCCCC=O)O,CCCCCCC)O)CC
COCCccccOCCO)CC)C)N)))))cc6,COCCccccC)cc6
CScnc-ccccF)cc6))))))c-cccncNCC)=O)))c6))))))n5C,CccccF)cc6
CNCCCCCC=O)NCCCC5C#N))))))))N5))))))cccccc6,CCCCCCCC)=O))N5
CCCCCcccO)ccc6)OCC)C)CCCCC=O)O))CC%106,CO
CNC)C=O)NCCCN=CNcccF)ccc6NCCF)F)))ccccCl)cc6%15))))))))))))))))C5,CNCCCN=CNcccF)ccc6NC)ccccCl)cc6%15))))))))))))))))C5
COCC=O)CCCCCNC5=O)))))))NC=O)CCCC)C)))NC=O)ccccOC))cccc6[nH]9,COccccc[nH]cCC)=O))cc95
CNC=O)CCcccccc6))OCCCCC=O)NO)))CCCC)C)))C=O)N%14,CNC
COcccccc6CNC=O)ccc-cccccc6))))))on5,CNCcccccc6OC
Ccccc-cnncNccccO)cc6)))))))cccccc%106))))))))))cc6S=O)=O)NCCOCC6,CccccO)cc6
CCC)OccccC#N))cc6CNCCCC5)))))C%10O,CCcccC#N))ccc6OCC)C)C%10O
CCC)C)CNC=O)ccnCCCCF)))))cccccc96)))))))))))C=O)O,CC=O)ccnC)cccccc96
CNC=O)Ccccccc6))))))))CCCCCCCO5))))CC6NCCCC5,CC=O)Ccccccc6
C=CC=O)NCCNcncnccc-ccO)cccc6F)))))))cCl)cc%106))))))))))CC6,CcccncncC)c6cc%10Cl
Cccc[N+]=O)[O-]))cNCCNCcccccc6)))))))CC6))))))cc6N.Cl.Cl,CCcccccc6
C=CC=O)NCCCOCC6NcnccOCccF)cOC))ccOC))c6F)))))))))cn6,CCccF)cOC))ccOC))c6F
CCC)OC=O)CCCC=CCCCO)CCO)C5COC3CO)COcccccCF)F)F))c6,CCCCCO)CCO)C5COC3CO)CC
CCCCCCCCCCCCCC=CCO)CN)COP=O)O)O,CCCCCCCCCCCCCCC
CCC)C)ccccNC=S)NCCNcncccc6Cl)))))))CC6))))))))cc6,CC=S)NccccCC)C)C))cc6
Cnc=O)cccccNS=O)=O)ccccF)cc6))))))))ccc6%10))))C=O)cccccc6-%10,Ccccccccc=O)n6C))))-cccccc6C=O)c%14%10
O=CO)ccccc-ccncC=O)CCCCCCcccccc6)))))))))))))o5)))))n6,CccncC=O)CCCCCCcccccc6)))))))))))))o5
O=COCC=Ccccccc6))))))))=NC5=Cccccnc6,CCC=NCC)C=O)O5
CCC)C)C=O)OCOC=O)CNC=O)CNC=O)CN)cccccc6)))))))))C4SC7C)C,CNCC=O)NC4SCC)C)C5CC)=O
CS=O)=O)NccccC=O)NccnccccNCCCC5cccF)ccc6F))))))))))))nn96)))))))))))cc6,CNCCCC5cccF)ccc6F
CCCCO))NC=O)CC=Ccccccc6ccn5C)))CC%10NC)C%14.O=CO)C=CC=O)O,CC=O)CC=Ccccccc6ccn5C)))CC%10NC)C%14
Cl.O=CO)CCCC=CCCCNS=O)=O)ccccCl)cc6))))))))CN5Cccccnc6,CCCCCC)CN5C
O=c[nH]c-ccccCF)F)F))cc6))))))ncsccc95)CCC5,Ccncsccc5c=O)[nH]9)))CCC5
CScccccc6OC=O)CBr,CScccccc6C
Cccccc-ccncn5CccccC#N))cc6))))))))))))c6,CCccccC#N))cc6
CNC)ccccc-cccC=O)ONC=O)CCC5=O))))))))ccc6C=O)O))))))))cccc=[N+]C)C))cc-6oc%10c%14,Cccccc=[N+]C)C))cc-6occcNC)C))ccc%146
CccccNCCCCCOccccSC)=O)=O))cc6)))))))))CC6))))))nn6,CCCCCCNC)CC6
Cl.Cl.cccccNCCNCC6))))))c6))OCCO6,Ccccccc6OCCO6
CNC)CCSSCCNC=O)CCCNC=O)CSccccCl)cc6)))))))))CC6,CC=O)CSccccCl)cc6
COccccC=CSC=N)NC5=O)))))))cc6O,CCccccOC))cO)c6
Ncncccc-cccccc6))))))cNCC=CC5)))))nc6n%10,CccccncN)nc6nc%10C
CCCncSCC=O)Ncnccs5)CCCC6))))))))))))ncc5c=O)nC)c=O)n6C,CCCncSCCC)=O))))ncc5c=O)nC)c=O)n6C
CCC)NC=O)CNC=O)CCccF)cccc6F))))))))NC=O)OCC)C)C))))))))CCcccccc6%11,CNCCCcccccc6NC)C%11=O
Cccncc-ccccNCCCNCC6OCCCCS=O)=O)CC6)))))))))))))))c[nH]c=O)cC)cc%106))))))))))c6,CccccC)cccC)c6[nH]c%10=O
CCCCCC)CO))NcncN)ncccF)cnc%106,CcncN)ncccF)cnc%106
CCOC=O)CCccscn5))))))CCCNC=O)CCcc[nH]cccccc96))))))))))NC=O)CC)C)N))))))C6,CNCCcc[nH]cccccc96))))))))))CC)=O
C#CCNC=O)CNC=O)CO)CCcccccc6)))))))NC=O)cccccO)c6C))))))))))))CSC5C)C,CNCCcccccc6)))))))CO)CC)=O
COC=O)ccccc=O)nCCCCCC6))))))cSCC#N))))nc6c%10,CC=O)ccccc=O)nC)cSCC#N))))nc6c%10
CCCCCC=CCC=CCC=CCCOC3CCCC=O)NCCO,CCCC=CCCOC3CCCCC)=O
Ncccc-ccccF)cc6))))))cc6NC=O)cccccc6,CC=O)cccccc6
CC=CC=O)NCccccOC))cO)c6)))))))cccOC))cOC))cOC))c6,CCccccOC))cO)c6
COC=O)ccc-cc[nH]cc5C=O)OCcccccc6))))))))))))))cn5S=O)=O)ccccC)cc6,CC=O)cc[nH]cc5C
CONC=O)C=O)CCcccccc6)))))))NC=O)ccccnc6-nccc-cccccc6))))))n5,CC=O)ccccnc6C
CCCC=CCNCCCC=CC=O)OC)))C%11))Ncccccc69))))))))C59.Cl,COC
ClcccccScccnc-cccccn6))))))n6)))))))c6,CcncccScccccCl)c6)))))))n6
FCF)Occcc-cnnccnccOCCCCCC5COC63))))))))))n96)))))))))cc6,CCCCCCC5COC63
CCC=O)Ncccccc6))))))CCCNCCccccC)cc6))))))))CC6,CCCccccC)cc6
CC=O)Ncccccc6))))))CCCNCCO)ccccs5)))))))CC6,CCCO)ccccs5
CC=O)NCCNCCCCCNC=O)ccccF)cccC)c6[nH]9)))))))))))C6))))))CC6,CC=O)ccccF)cccC)c6[nH]9
COccccc-cccsc5)))))cnc6cc%10OC,COcccccC)cnc6cc%10OC
Cncc-ccccN)cNC=O)ccccNCCCCC6))CNC=O)O5))))))))nc6))))))))c6))))))cn5,CNcccC)ccc6N
Ncncncc6c-cccO)ccF)c6))))))cn5CCcccccc6C9,CccnC)cncncN)c96
Cncc-cccccc6))))))cOccccS=O)=O)Ncnccs5)))))))cc6F))))))))n5,CccccSC)=O)=O))cc6F
CON=CCCCO))NC=O)cccc-cccccc6C)))))))cc6)))))))C5,Ccccccc6C
O=S=O)Ncncccccc6nc%10NCCNCCO)))CC6)))))))))))))))))cccF)ccc6F,CNcncccccc6nc%10C
Cccc-cncsccc5c=O)[nH]9)))CCNC)C6))))))))))ccC)c6O,CcccC)cO)cC)c6
NC=O)Ncsc-ccccCF)F)F))cc6))))))cc5C=O)NCCCCNC6,CC=O)cccC)sc5NCN)=O
O=CNccccS=O)=O)NCCCCCC7)O5))))))))cc6)))))))CCC3ccccnc6,CNCCCCCC7)O5
CcccC)c-ccscNC=O)Cncncc5c=O)nC)c=O)n6C)))))))))))))n5)))))cC)c6,CcccC)cC)cC)c6
CNS=O)=O)cccccc6NcncNcccOC))cOC))cOC))c6)))))))ncc6Cl,COcccC)ccOC))c6OC
O=COCcccccc6F)))))))=NC5=CccccBr)o5,CCN=Ccccccc6F)))))))OC5=O
O=CNccccNCCOCC6=O)))))))cc6)))))))CCCO)CN5C=O)NccccCl)cc6,CNccccCl)cc6
C=CC=O)NcccccOcncNccccNCCNC)CC6))))))cc6OC)))))))))ccc6C#N)))))))))c6,COcccC)ccc6C
CccccN)cc6C=O)NCC)cccccccccc%106,CC=O)cccN)ccc6C
O=CC=Cccc[N+]=O)[O-]))ccc6O))))))))Scccccc69,CCccc[N+]=O)[O-]))ccc6O
Occccc-cccnc-ccccCl)s5)))))c6))))))c6,CcccncC)c6
Cccccoc=O)cccC=O)NCC)C))))sc5c9c%13,CNCC)C
COCCNCCNC=O)NccC)c=O)[nH]n5-cccccc6))))))))))))))CcccF)cF)cF)c6))))))C5,CNCCNC)CC5cccF)cF)cF)c6
O=CO)CCScncccccc6n9CCCCCC6,CC=O)CCScncccccc6n9C
CccccS=O)=O)NCCNcncccn6))))))CC6)))))))cc6,CccccSC)=O)=O))cc6
O=CNCCccccnc6))))))NCCNccccF)cc6))))))CC6)))))))))cccccCl)c6,CC=O)cccccCl)c6
Cnnccc5-cccCl)ccCl)c6OccccS=O)=O)Ncncns5)))))))cc6C#N,CccccSC)=O)=O))cc6C#N
CCC)cnn-ccnccn6))))))c-ccccF)cc6))))))c5C=CCO)CCO)CC=O)O,CCccCC)C))nnC)c5C
O=CcccccCl)c6Cl)))))))Ncccccc6))))))CCCNC5,Ccccccc6
O=CNCCC3cccccc6))))))))))NCCCncccn5)))))CC6,CNCCC3cccccc6
CCOcccc-cncCSCC=O)NCcccco5)))))))))))cC)o5)))))cc6,CNCcccco5
CCOC=O)CScnccscccccc69)))))))c=O)n6CCCNCCCC5,CCCCncSCCC)=O))))nccscccccc69)))))))c6=O
CCC)C)C=O)OCN=Ccccccc6))))))cccCl)ccc6NC%11=O,COCN=Ccccccc6))))))cccCl)ccc6NC%11=O
CCC)CCCO)CN)CCCCCCC6))))))))))C=O)O,CC=O)CCCO)CN)CCCCCCC6))))))))))CC)C
Cl.Cl.OCCncnccNCCNCcccccc6))))))cccccc6)))))))CC6))))))ncnc69,CCcccccc6))))))cccccc6
CccccOCCncNC=O)cccco5)))))))ncccccc69))))))))))))cc6,CCCncNC))ncccccc69
CNC)ccccN=CccccNCCOCC6))))))cc6))))))))cc6,CccccC=NccccNC)C))cc6))))))))cc6
CNCCN=C5SCC=O)NCCCCCCC7)))))))))cccccc6,CNCCCCCCC7
CCCCCCCCccccOCC=O)Cnnnnc5-cccncc6)))))))))))))))cc6,Ccccncc6
C=CC=O)NCCNcccnccc-ccC)ccc[nH]ncc95)))))))))cCl)cc%106))))))))OCC6C%10,Ccccncccc6cc%10Cl))))NCCNC)CC6CO%10
C=CC=O)OCCCC)CCCC=O)C5C)COCC)=O)))C%13%10,C=CC=O)OCCCC)CCCC=O)C5C)COC))C%13%10
cccccc6CNCCNCcccccc6)OCO5)))))))))CC6)))))))))OCO5,CCcccccc6)OCO5
CCC)S=O)=O)NCCcccccc6)))))))C=O)NCN=Ccccccc6))))))cccccc6NC)C%11=O,CC=O)CC)Ccccccc6
FccccCl)cc6-cncNcccncc6)))))))cnccnc6n%10,CcccCl)ccc6F
CCOC=O)NCCNC=O)CNC=O)NCcccccc6))))))cccccc6))))))C5=O))))))))CC6,CCC)=O
CCCO)ccccO)cc6)))))))NCCCO)cccccc6))))))CC6,CCC)CO)ccccO)cc6
O=ccccccc6nnn%10CScnncscccccc6n%129,CCScnncscccccc6n%129
COccccscC=O)NC)Ccccccc6)))))))))cc5c9,COccccscCC)=O))cc5c9
CCC)C)NC=O)NcncncN)ncc6cc%10-cccCl)ccCl)c6,CNcncncN)ncc6cc%10C
COccccC=CC=O)NO)))))c-cccc-cccccc6))))))cc6))))))c6,CCccccOC))cc6C
C=CC=O)Ncncncc6c-ccccccccc6c%10))))))))))nn5CC)C)C,Cccccccccc6c%10
COccccncNC=O)cccccS=O)=O)NCCOCC6)))))))c6))))))))sc5c9,CC=O)cccccSC)=O)=O))c6
Ccccc-cnscNCCNC=O)Ncccccc6))))))))CC6))))))n5)))))cc6,CNcccccc6
CCCCC=O)NCCS=O)=O)O))))))))CCCCCCO)CCCCO)CCC6C)C%10CCC%17%14C,CC=O)CCCC)CCCCCCO)CCCCO)CCC6C)C%10CCC%17%14C
CC=O)OCCCC=O)OCcccoc5)))))CC6C)CCCCCC=O)O5))C%146,CCC)=O
[H]C[H])[H])NCCCC5Ccc[nH]ccccCCS=O)=O)cccccc6)))))))))cc96,CNCCCC5Ccc[nH]ccccCCS=O)=O)cccccc6)))))))))cc96
N#CCCcccc-ccccoc=O)nCCF)F)))c5c9)))))))))cc6)))))))NC=O)CCNCCCO7,Cccccoc=O)nC)c5c9
COCCCCNC=NccccF)cc6NcscC)cc5%14))))))))))))))CCN6C,CC=NccccF)cc6NcscC)cc5%14
Ccccc-ccC#N))cN)n-cccccc6C)))))))c=O)c6C#N))))))))cc6,CccC#N))cN)nC)c=O)c6C#N
CNC=O)cccccOCC)C=O)NCCNC=O)cccccc6)))))))CC6C))))))))))c6,CC=O)cccccc6
NcnncSCC=O)cc-cccccc6))))))[nH]cccccc96))))))))))))s5,Cc[nH]cccccc6c9C=O)CScnncN)s5
CccccF)cc6-ccccC=O)N=CN)N))))o5,CccccF)cc6C
O=CN=CNCCCCC6))))))SC5=CccccCl)cc6,CCccccCl)cc6
N#CcccS=O)=O)Ncncns5)))))))ccc6OccccCl)cc6-cccon5,CccccCl)cc6C
NCCNccF)ccc=O)cC=O)O))cnCCC3F))))c6c%10Cl)))))))))))CC5CC3,CC=O)ccnC)ccCl)cC)cF)cc6c%10=O
O=CO)CCOccnccnnc-ccccOCF)F)))cc6))))))n95)))))))))))cccccc6,CCCCC)=O))cccccc6
O=CC=CcccBr)cO)cBr)c6O))))))))OcccO)ccO)c69,CCOcccO)ccO)c6C9=O
COCCOcccnc-ccccccF)ccOCCCNCC6F))))))))c6n%10))))))))))cnc5c9,CccccccF)ccC)c6n%10
CCCCC=CC=CCCCCCCCCOCC)=O)))CC)N%106,CCC=CCCCCCCCCOC))CC)N%106
Cnc=O)ccncNCCNcccccn6))))))CC6))))))n5CccccCl)cc6))))))))))nC)c6=O,Ccnccc=O)nC)c=O)n6C)))))n5C
CccnCCCCNCCNcccCF)F)F))ncCC)C)C))n6))))))CC6))))))))))c=O)[nH]c6=O,CccnC)c=O)[nH]c6=O
CCC=Ccncccn6))))))))NC=O)CCcccccc6)))))))NC=O)OCcccccc6,CCcccccc6
CCC)CS)C=O)NCC=O)NCCcccc-cccccc6))))))cc6)))))))C=O)O)))))CCCC5,Ccccccc6
Cccc-nncc=O)[nH]c6=O)))))))ccC)c6OccccO)cCC)C))c6,CcccC)cC)cC)c6
COccccCNCCOccccCC)O)CNC)C))))cc6C%11))))))))))))cc6C,CNC)CCC)O)cccccc6)CNC)CCO7
CCCCCNC=O)CCCC=O)cccccc6%10))OCO5))))))))))cccccc69,CNC=O)CCCC=O)cccccc6%10))OCO5))))))))))cccccc69
CNC)cccccC=O)OCC=O)NCcccco5)))))))))))c6,CNCcccco5
COcccccc6C=O)NCCC)CC5CCC)C)C6,COcccccc6CC)=O
CcccNCCCCCC6)))))))nc-nncC)cc5C))))))n6,CCCCCCC6
Ccccc-ccC=CC#N))C=O)OCC)C)C))))))nCCCO))))cncncN)c96)))))))))cc6,CCccC)ccN)ncnc6n9C
ccccCCCNCCCCCC5)))))))))CCOCCCCC5))))C6))))))nc6,CCCCcccccn6))))))CCOCCCCC5))))C6
CCncnccNcccccCl)c6)))))))ncNCCCCCC6N))))))))nc69,CCCCCCC6N
O=CO)CccccCl)cc6))))))NC=O)cccCO))ccc6NC=O)C%11ccccCl)cc6,CNC=O)cccCO))ccc6NC=O)C%11ccccCl)cc6
COcccncncNCCNC=O)OCCC)C)O)))))CC6))))))c6cc%10OC,COcccncncC)c6cc%10OC
O=CO)CCCCN5C=O)cccccCOcccc-ccccF)cc6F)))))))cc6))))))))c6,CCcccccCC)=O))c6
O=CNCCCS=O)=O)ccccCF)F)F))cn6)))))))))))ccccCl)cc6,CNCCCS=O)=O)ccccCF)F)F))cn6
CCNC=O)C=Ccccccc6)OCO5))))))))))))cccccc6,CCcccccc6)OCO5
Ncnccc-cc-ccccF)cc6))))))ncn5CCCNCCOCC6))))))))))))))n6,CccccF)cc6
CCCC=O)ccccF)cc6)))))))NCCCC5.Cl,CCCC)C=O)ccccF)cc6
CCOccccnc6Occncc-cnccC=O)NCCCOC5)))))))cn6))))))c6,CC=O)ccncC)nc6
CCC=O)cccccc6)OCO5)))))))))NC)CCCCCC6,CCC)C=O)cccccc6)OCO5
O=CC=CccccCl)cc6)))))))SC=S)N5Ccccccc6,CCccccCl)cc6
O=[N+][O-])cccccc6S=O)=O)NCCNCcccccc6))))))cccccc6)))))))CC6,CCcccccc6))))))cccccc6
NC=O)Ncccccc6)CCCCCC6CC%10)NCCCCC4)))))CC%10,CNCCCCCCCC6C%10CccccNCN)=O)))cc6%14
CCNCCO)))CCCOcccccNcccCC=O)NcccccF)c6F))))))))))[nH]n5))))))ncnc6c%10,CcccccC)ncnc6c%10
CCCCO))NcncNccccc-cccccn6))))))c6)))))))cncnCC)C))c5n9,CcncC)cncnC)c5n9
COcccccc6)CCNCCCCCNSC)=O)=O))C6CC%14%10.Cl,COcccccc6)CCNCCCCCNC)C6CC%14%10
COccccC=O)Nccccc-ccncC)cccc6n9)))))))))c6))))))))cc6,COccccCC)=O))cc6
CNCC)C=O)NCCCCCCCCCNCCccccF)cc6))))))))CC6N9C%14=O,CNCC)CC)=O
CCCC)CCF)F)CO)CCCCCC=O)C5CCCCCCC=O)O)))))))))))O6,CCCC)CCF)F)CO)CCCCCC=O)C5CCCCCCCC)=O)))))))))))O6
Cc[nH]nccccF)cOcccC#N))ccC#N))c6)))))))c96,Cc[nH]nccccF)cC)c96
NCCC=O)O)))C=O)NccccOCcccccc6))))))))cc6,CCcccccc6
C=CC=O)OCccC)cOC=O)C=CccccC)cc6))))))))))ccC)c6CCC%13%10,C=CC=O)OCccC)cOC))ccC)c6CCC%13%10
C=CC=O)NCCncc-cccccC)ccOC))c6s9)))))))))ccN)ncCl)nc69)))))))))C4,COcccC)ccccC)sc95
CCCCOccBr)ccCC=O)O)))cc6Br,CC=O)CcccBr)cC)cBr)c6
CCC)NCCO)cccN=NCN)=O))))cO)cc69,CNCCO)cccN=NCN)=O))))cO)cc69
C=CC=O)NCCncc-cccccccOC))c6s9)))))))))ccN)ncnc69)))))))))C4,CCCNC)C4
O=Ccccc[N+]=O)[O-]))cOC=O)cccccCl)c6))))))))c6,CC=O)cccccCl)c6
Ncncncc6ncn5CCOCP=O)OCCCcccccCl)c6))))))O6,CCP=O)OCCCcccccCl)c6))))))O6
CNC)CCOccccC=Cccc-cccc=O)[nH]cnc6[nH]9)))))))))ccn6))))))))cc6,CCCNC)C
CC=CC)C=O)OCCcccccc=O)oc6cc%10OC%14C)C,CC=CC)CC)=O
Cnnccc5-cccCl)ccc6OccccS=O)=O)Nccncnc6))))))))cc6C#N,CccccSC)=O)=O))cc6C#N
CcccC)ncOccccBr)cc6Br))))))))n6,CccccBr)cc6Br
CCCNcccccc6S=O)=O)cccccc6%14)))))))))))))))NC)C.Cl,CNcccccc6S=O)=O)cccccc6%14
CCC)=CCccO)cccC=O)C=CccccO)cc6)))))))))c6O,CCCccO)cccC=O)CC)))c6O
CCCCCC=CCC=CCC=CCCO)CO)CCCC=O)O,CCCCO)CO)CCCCC)=O
COcccncncNccccO)cBr)c6)))))))c6cc%10OC,COcccncncC)c6cc%10OC
COccccCC=NO))C=O)NCCS)))))))cc6Br,COccccCC=NO))CC)=O))))cc6Br
CCCC)NC=O)OCCOCCOC=O)cccccc6))))))))COC85,COCCOCCC)COC85
O=S=O)Nccc-ccccOCCC3))))cCl)c6))))))ncn6)))))))ccccF)cc6,CS=O)=O)ccccF)cc6
O=CNCCOcc7nn-cccccc6Cl)))))))c5-ccccCl)cc6,Ccccnn5C)))C=O)NCCO7
CcccF)ccc6OcncccF)cNC)C=O)C=CCNC)C)))))))cc6ncncc%135,CcncccF)cNC)C))cc6ncncc%135
COC=O)C=CC)NC=CC=O)cccccc69)))))))C6cccccc6Br)))OCO5,CC=O)C=CC)NC=CC=O)cccccc69)))))))C6cccccc6Br)))OCO5
OCccc-ccccCF)F)F))cc6))))))ncCF)F)F))c6))))))CCCCCN6,CcccCO)CCCCCN6)))))))ccCF)F)F))n6
CcccCl)ccc6OCC=O)NN=Ccccc[nH]5,CccccCl)cc6C
CCC)C)nncCcccccc6O))))))))ccN)ncnc69,CnncCcccccc6O))))))))ccN)ncnc69
NcncccncNCcccccccccc%106))))))))))))[nH]c5cc9c=O)[nH]%13,CCcccccccccc%106
CccccS=O)=O)NC=O)NN=CCC5C)))))))))cc6,CccccSC)=O)=O))cc6
O=CO)CCNCCCCOcnocccccOCCF)F)F))))c96)))))))))))CC6)))))))CCOCC6,CccccconcC)c95
CNC=O)CCCC=CCCCO)CCO)C5C=CCO)COcccccCF)F)F))c6,CcccccCF)F)F))c6
CCC)CC=O))CCNSC)=O)=O)))CCN5C=O)C=CCNCCCCC6,CCC)CC=O))CCC)CCN5C
COcccccNC=O)CScnnc-cccC)n-cccccc6))))))c5C))))))o5)))))))))c6,CC=O)CScnncC)o5
CCC)N)C=O)NCCCCcccccc6)))))))))C=O)NCCCCC6))CNSC)=O)=O))cccccc69,CNCCCCcccccc6)))))))))CC)=O
CCCOP=S)NcncN)cc=O)[nH]6)))))))OCCC,CcncN)cc=O)[nH]6
COCCOCCCCNC=O)cnc-nccnc5)))))nccc[nH]c95)))))))))))CC6,CC=O)cncC)nccc[nH]c95
CCCCCCC)O)C=CCCO)CC=O)C5CC=CCCCC=O)O,CCCCCCC)O)CC
O=CNCcccccc6))))))))OCCOCCOC=O)cccncc6))))))))COC85,CNCcccccc6
CCOC=O)ncccC=O)Ncccccc6F)))))))))n5,CNcccccc6F
CCCCCnc=N)nCCO)COcccccC)c6))))))))))cccccc69,Cnc=N)nC)cccccc69
CC=O)NCCCC)C)))C=O)NCCcccccc6)))))))C=O)CCl,CNCCcccccc6)))))))C=O)CCl
O=Ccccoc5)))))NcccccF)c6))))))CCCNCCcccccc6))))))))CC6,CCCcccccc6
O=S=O)NCCNCCOCccccCl)cc6))))))))))))))ccccccnccc%106,CS=O)=O)ccccccnccc%106
CS=O)=O)NCCNC=O)NCC5CCNCCccocccccc96)))))))C6C%10,CNC=O)NCC5CCNCCccocccccc96)))))))C6C%10
CNCCCccccF)cc6))))))CCOcccccc6)OCO5))))))))))C6,CCCCNC)CCC6ccccF)cc6
CCC)NC=O)CNC=O)CCcccccc6OCF)F)F))))))))))NC=O)CF)F)F)))))))CCcccccc6%11,CNCCCcccccc6NC)C%11=O
N#CccccCncncc5-cccncc6))))))))))))cc6,CCccccC#N))cc6
CCC)CCNCcccc-cccccSC)=O)=O))c6))))))cc6))))))CF)F)F))))C=O)NCC#N,CcccccSC)=O)=O))c6
CNCCNCC=CC=O)NccccNccccF)cCl)c6)))))))ncnc6cn%10)))))))))))))))CC6,CNccccC)ncnc6cn%10
CCC)NCC=CC=O)NccccNccccF)cCl)c6)))))))ncnc6cc%10OCCCOC5,CNccccC)ncnc6cc%10C
N#Cccn-ccccC=O)O))cO)c6))))))cc5-cccccc6,CC=O)ccccC)cc6O
CC=O)OCCccccOCCO)CNCC)C)C)))))))cc6,CCCccccC)cc6
N#CcccF)cC=O)NcccncNC=O)CCC3F))))))c6))))))))cCl)c6,CC=O)ccF)ccC#N))cc6Cl
CCC=O)Ncccccc6))))))CC=O)NCCC3)))))CCNCCcccccc6))))))))CC6,CCCcccccc6
NCCCCCCCC6)C8)))C6.NCCCCCCCC6)C8)))C6.O=CO)C=CC=O)O,CO
CcccCcccccc6C=O)N9CCN%12C=O)ccccF)cF)c6)))))))))))))))))))ccc6Cl,CcccCcccccc6C=O)N9CCN%12C)))))))))))))ccc6Cl
COCCC)C=O)NCC)CO)cccccc6)))))))))))CCCCN5C=O)OCC)C)C,CNCC)CO)cccccc6
CCCNCC=O)NCCC)C)cnccCO)ccccF)cc6)))))))cc69)))))))))))CCNCC)COCC6C))))))))CN6,CNCCC)C)cnccCO)ccccF)cc6)))))))cc69
CCCCCCCCCCCCCCCC=O)NCCC=O)O)))C=O)O,CNCCCC)=O)))CC)=O
CC=CC=O)Occcc[nH]ccCCNCC)=O)))))c5c9,CCC)=O
O=ccCl)c-cccccc6))))))occcccc%106,Ccocccccc6c=O)c%10Cl
CC=O)OCCC=O)OCC)C)CCC=O)CC)CCCCC)Ccccoc5)))))OC=O)COC37%11)))))))))C%116C,COCCC=O)OCC)C)CCC=O)CC)CCCCC)Ccccoc5)))))OC=O)COC37%11)))))))))C%116C
CNC)ccccC=CNC=O)cccccc6))))))))C=O)NCcccncc6)))))))))))cc6,CC=O)cccccc6
C=CCOcccccC=CC=O)NccccBr)cc69))))))))))c6,CCC=O)NccccBr)cc69
CCNcncNCCCC5)))))ncccccc%106)))))))))))cccccc6,CcncC)cccccc6n%10
CNC=O)CNC=O)CCcccccc6F))))))))NC=O)OCC)C)C))))))))CNCcccccc6)))))))cccccc6%11,CNCCcccccc6F))))))))CC)=O
O=CO)CCNCcccNccccNCCcc[nH]cccccc96))))))))))))cc6)))))))ccn6,CCCcc[nH]cccccc96
CcccccNCCC3))))noc5c9-cccccNCCOCC6C)))))))nncc6c%10,CcccccC)noc5c9C
COCCO)CCO))OC5ncnccNCcccccI)c6))))))))ncnc69,CCcccccI)c6
COcccCCCC)NCccccCF)F)F))cc6)))))))))))ccc6O,CCccccCF)F)F))cc6
O=ccccccc6occcCnccnc5))))))ccc%146,CCccccc=O)cccccc6oc%10c%14
CCccccNC=O)CCCOccc=O)nC)cccccc%106))))))))))))))))cc6,Cccc=O)nC)cccccc%106
CNCCCNC=O)cc6[nH]cc5CCccnc-cccccc6F)))))))cc6-%10))))))))))))))))C4,Ccccccc6F
[H]C[H])[H])OccOC))ccCccncN)nc6N))))))))cc6OC,COcccCccncN)nc6N))))))))ccOC))c6C
CNC)CCOCC=O)NCCCCCCCC6)C8)))C6.Cl,CCCC)=O
CCC)NC=O)Cncncccccc69)))))))))))cccccc6,Cncncccccc69
CcccOCC=O)NccccS=O)=O)Ncnccs5)))))))cc6))))))))))ccc6Br,CNccccSC)=O)=O))cc6
CCOC=O)CCCcccccc6))))))))NCC)C=O)NCCCCCC6))C6C=O)O,CC=O)CC)CCcccccc6
O=CNCCCCC6COcccccc6))))))))))))))nnccCO)ccccF)cc6))))))ccccF)cc6)))))))n5,CnnccCO)ccccF)cc6))))))ccccF)cc6)))))))n5
COcccC=CC=O)cccccccc6o9))))))))))))ccc6O,CCC=O)cccccccc6o9
CccccC)cOCC=O)NCCCcccccc6%10)))))))))))))c6,CNCCCcccccc6%10
COP=O)OC))NCCCCC6)ccccc=O)n6C%10,CNCCCCC6)ccccc=O)n6C%10
CCC)=CCCCC)=CCCCCCP=O)O)O))P=O)O)O,CCCCCCCP=O)O)O))P=O)O)O
CCnnncNC=O)Ccccccc6Occcccc6%14))))))))))))))))n5,CCnnncNC))n5
CCScccccc6)NCCCNCCNC)CC6)))))))))cccccc6S%10.O=CO)CCO)C=O)O,CCCCNcccccc6SccccSCC)))cc6%14
ccccOCcccccc6NCCNCC6))))))))))))))cc6,CCcccccc6C
NC=O)cccCN)=O))n-ccccc-ccccF)cc6OCCF)F)CF)F)F)))))))))))c6))))))n5,CccccF)cc6C
COccccC=CcncNCCCNC)C))))))cccCl)ccc6n%10))))))))))))cc6,CCcncC)cccCl)ccc6n%10
CNCCCCC)C)C6CCOC=O)CO)ccccs5)))))ccccs5))))))))C8,COCCCCCCC)C)CC8)N6C
NcncnncccC=O)NccccNC=O)NcccccF)c6)))))))))cc6))))))))c95,CC=O)cccnncncN)c96
O=CNCC=CS=O)=O)cccccc6)))))))))CCcccccc6))))))))))cccccnccnc%106,CC=O)cccccnccnc%106
O=CC=CCncccn5))))))))NccccncncNcccccBr)c6)))))))c6c%10,CNccccncncC)c6c%10
Ncncc-cccCCCNCCOC4))))CC56))))))nCCCC3))))n5)))))cc6CF)F)F,CccncN)cCF)F)F))c6
CCC)C)OC=O)CCNC=O)OCC)C)C)))))C=O)O,CNCCCC)=O)))CC)=O
O=CNCccccOcccccc6)))))))cc6))))))))CCCO))CCnccccc6=O)))))C5N8CCCCCCC6,CC=O)CCCO))CCnccccc6=O)))))C5N8C
CccccCcscncC)nn5c8O)))))))))NCCNC)CC6)))))))cc6,CccccCC)cscncC)nn5c8O))))))))))cc6
[H]C[H])CNC)CC[H])[H])C6C=O)OCC))))cccccc6,CCOC
CC=CC#N))CC=NNC)cnccCF)F)F))cc6Cl))))))))))CC=O)N6,CN=CCCC=O)NCC)=C6C#N
CCC)CcccNCCOCC6))))))ncscCN)=O))cN)c95)))))))CO6,CcncscCN)=O))cN)c5cc9COCC)C)C6
COcccc-ccC)noc5C))))))cc6S=O)=O)NCCCNCC6,COccccC)cc6SC)=O)=O
CCCCC=CC=CCCCCCNCC)CO)CC%106,CCC=CCCCCCNCC)CO)CC%106
O=CNccccS=O)=O)NCCOCC6)))))))cc6)))))))ccccNCCcccccc6C%10))))))))))cc6,CC=O)ccccC)cc6
OCCNCCCCcc6[nH]cccc-cccccc6))))))cc96,Ccccc[nH]ccc5c9))CCCC6C
CCNCC))CCCNC=O)Ccccccc6))))))cccccc6,CC=O)Ccccccc6))))))cccccc6
CCnc=O)occcc-ccccCCC#N))NC=O)CCNCCCO7)))))))))))cc6))))))cc69,CC=O)CCNCCCO7
CCNC=O)ccNC=O)CCOcccccc6O%10))))))))))))scc5CCCC6,CC=O)CCOcccccc6O%10
CNCCCCOC=O)CO)cccccc6))))))CCCCCC6)))))))))C6,COCCCCNC)C6
O=CO)CCCC=CCCCCO)CC#CCO)CCCCC6))))))))C5C8,CCCCCCC)=O
C=CCNCCCCCCCC5))))))))C=O)NCCCC5C=O)Ncncccn6))))))))))))))))NO,CCCCCCCCC5
CCCCCN5CCcccccC=O)cccc[N+]=O)[O-]))cc6)))))))ccc6o9,CCCcccccC=O)cccc[N+]=O)[O-]))cc6)))))))ccc6o9
C=CC=O)OCCCC)CC=CC=O)C5C)COC=O)CC)CC)))))C%13%10,C=CC=O)OCCCC)CC=CC=O)C5C)CC)C%13%10
CCCCCC)C)CO)C=CCCO)CCO)C5CC=CCCCC=O)O,CCCCCO)CCO)C5CC
CCOC=O)cscncCcccccc6Cl))))))))[nH]c=O)c6c9C,CC=O)cscncCcccccc6Cl))))))))[nH]c=O)c6c9C
FCF)Occcc-cnnccnccOCCcccccc6))))))NCCOCC6)))))))))n96)))))))))cc6,CCCC)cccccc6
COcccncncNccccF)cCl)c6)))))))c6cc%10NC=O)C=CCNCCS=O)CC6,CNccccC)ncnc6cc%10OC
CCC=O)O))CCCCCCC=CCCO)CCC6C)C%10CCC%17%14C,CC=O)CC)CCCCCCC=CCCO)CCC6C)C%10CCC%17%14C
COcccccNCCNCCO)COcncncccccc%106))))))))))))))CC6))))))c6,Ccncncccccc%106
CCccccCC=O)NccccI)cc6C=O)N%11CC=O)O))cccccc6))))))))))))))))))cc6,CC=O)CC)cccccc6
O=Ccccccc6))))))NCCNS=O)=O)ccccs5))))))CC6,CC=O)cccccc6
COC=O)ccccNC=O)NCCCCCC=O)NCCCC5C#N))))))))N5)))))))))cc6,CNCCCCCCC)=O))N5
O=COCCNC=O)cccccc6C9=O)))))))))))))cccccF)c6,CNC=O)cccccc6C9=O
NS=O)=O)cccccNcncOCCCCCCC6))))))))c[nH]cnc5n9))))))))))c6,CcccccSN)=O)=O))c6
O=CNccnc-cccncc6F)))))))c-ccccnc6))))))n6)))))))CCC3,CNccncC)cC)n6
CNCccc-ccccN)nn6))))))ccc6Cccccccccc6c%10))))))))))C%10,CccccN)nn6
[H]C[H])COP=O)NCCCl)))CCCl))))NC6[H])[H],CCCCl
O=CNCcccncc6))))))))ccncNcccccCl)c6)))))))nc6CF)F)F,CC=O)ccncC)nc6CF)F)F
O=CCCCcccF)cF)cc6F))))))))NS=O)=O)O)))))NCCncnnc5CF)F)F)))))C6,CNCCCC)=O)))CcccF)cF)cc6F
O=CNC=O)C=CcccccOCF)F)CF)F))))c6)))))))S5,CCcccccC)c6
COcccccc6OCCNCCO)CCOccccc[nH]cccccc6c%139,Cccccc[nH]cccccc6c%139
O=S=O)Ncnccs5))))))ccccOccccCNCCC4)))))cF)c6)))))))cF)c6,CCccccC)cc6F
CCOC=O)NcccccN)n6))N=Ccccccc6))))))CC)N6,CCC)=O
NC=O)CCCCcscncncOCCCCNCCOCC6))))))CC6)))))))c6c9%12,Ccncncsccc95)CCCN)=O)))CC5
CCC)CCNC=O)OCcccccc6))))))))))C=O)NCCCC5C=O)NCC)C=O)NCCS))CC)O,CCcccccc6
CccccNC=O)Cnc=O)cncccccc6%10)))))))))))))cc6S=O)=O)NC)C,Cnc=O)cncccccc6%10
CC=O)OCccc=O)nC)cccccc%106))cC)cc=O)n6CO9,COCccc=O)nC)cccccc%106))cC)cc=O)n6CO9
CCN)ccccC=O)NCCcccccc6))))))CC5CNCCCcccccc6))))))C5))))))))))))o5,CC=O)ccccCC)N))o5
CcnocNC=O)NCCCCC6))CCccccCF)F)F))cc6))))))CO5))))))))))c5C,CCC)=O
CnnccCl)c5-cccC=O)NCCN))CccccF)cF)c6))))))))))oc5Cl,CNCCN))CccccF)cF)c6
O=CNCCC=Ccccccc6)))))))))C=O)O))))ccccccccc6c%10,CC=O)ccccccccc6c%10
NCCOccncc-cccc[nH]ncc5c9)))))))))c6))))))))CC=CC=CC=CC6N=C9,CCCN)CC=CC=CC=CC6N=C9
CccccS=O)=O)Nccncccccc6c%10))))))))))))cc6,Cccncccccc6c%10
CCNCCCCCCC)C)F)))))))CCCCO)ccccNSC)=O)=O)))cc6,CCCCCO)ccccNC))cc6
CCCCCCOcnsnc5C=CCCNC)C6,Ccnsnc5C=CCCNC)C6
ccccCCNCcccccOcccccc6)))))))c6))))))))))cc6,CCcccccC)c6
O=COCCO))CF)F)F))))NCCCC5)C3cccn-ccccF)cc6))))))n5,CNCCCC5)C3cccnC)n5
COccccS=O)=O)NccC)nC)n-cccccc6))))))c5=O))))))))cc6,COccccSC)=O)=O))cc6
ccccCncncn5)))))cccccc6-cccccc6%13)))))))))))))cc6,CCcccccc6))))))cccccc6-cccccc6%13
N#CCnccnc5SCC=O)cccccc6)OCCO6,CCC#N
CCOcccccc6OCCNCC)CcccCN)=O))ccccn5CCCOC=O)CC)C)C))))))))))c6,CCC)CcccCN)=O))ccccn5C))))c6
CNccccC=CCCNC=O)ccCl)cccc6Cl)))))))))C=O)O))))))cc6))))))cncccn6,CCccccC)cc6
O=CNC=O)C=Cccccnccnc6c%10)))))))))))S5,CCccccnccnc6c%10
C#CC=O)NCCNcccc[N+]=O)[O-]))cC=Ccc[nH]cccccc96)))))))))C=O)NC5=O))))))c6))))))CC6,Ccccc[N+]=O)[O-]))cC=Ccc[nH]cccccc96)))))))))C=O)NC5=O))))))c6
C=CC=O)NCCNcncnccF)c-ccO)cccc6F)))))))cCl)cc%106))))))))))CC6.S,CccO)cccc6F
CCC=CCCO)CO)C=CC=CC=CC=CCO)CC=CCCC=O)O,CCC=CCCO)CO)C=CCC
COcccc-ccscNC=O)CCCccccs5))))))))))n5)))))cc6,COccccC)cc6
N#CCccccCl)cc6))))))ccCl)ccNNCC=O)NC6=O)))))))cc6Cl,CcccCl)cCC#N))ccccCl)cc6)))))))cCl)c6
C.COcccccc6OC))))-ccc=NccC)ccC)cc6C))))))))nCCNCN)=O)))))c=O)n6CC%10,COcccccc6OC))))-ccc=NccC)ccC)cc6C))))))))nC)c=O)n6CC%10
CCCCCC=CCC=CCCCCCCCC=O)OCCO)COP=O)[O-])OCC[N+]C)C)C,CCCO)COP=O)[O-])OCC[N+]C)C)C
O=Ccccco5)))))NCCNCccccCl)cc6)))))))CC6,CCccccCl)cc6
O=CCCcccC=O)NCCNCCCC=O)cccccc6))))))))))CC6)))))))ccc6N%10,CCCCC=O)cccccc6
CNCCNCcccNC=O)cccccC#Cccncccnn5c9)))))))))))c6))))))))ccCF)F)F))c6)))))))CC6,CC=O)cccccC#Cccncccnn5c9)))))))))))c6
CCCCCCO)C=CCCO)CC=O)C5CCCCCCC=O)NCCO,CCCCCCO)CC
O=CCcc[nH]cccccc96))))))))))NCCcc[nH]cccccc96))))))))))C=O)O,CNCCcc[nH]cccccc96))))))))))CC)=O
COccccCNC=O)Ccccccc6C=O)NC)C%10cc[nH]cccccc96))))))))))))))))))))))cc6,CC=O)Ccccccc6C=O)NC)C%10cc[nH]cccccc96
CCScnncNC=O)CNC=O)ccccCC)C)C))cc6))))))))CC)C)))))s5,CCScnncNC))s5
O=CCCl))Ncccccc6))))))CC=CS=O)=O)C5,Ccccccc6
CCC=O)OCC=O)CCl)))CC)CCCCCC=CC=O)C=CC6C)C%10F)CO)CC%14%17C,CCCCCCCC=CC=O)C=CC6C)C%10F)CO)CC%14C)C%17C)C=O)CCl
CcncNcnccC=O)NccC)cccc6Cl)))))))))s5))))))ccNCCNCC=O)O)))CC6))))))n6,CNccC)cccc6Cl
CCC)nncccncNcccCCCNC5)))))ncNCCCF)F)C5)))))n6)))))))cc69,CcccCCCNC5)))))ncC)n6
CCCCCC=O)O)))OCCcc6[nH]ccC)cccC#N))c96,CCCCCCC)=O)))OCCcc6[nH]ccC)cccC#N))c96
O=CNCcccccc6))))))))ccnCCCCCF))))))cccccc96,CC=O)ccnC)cccccc96
CC#CC=O)NccccOccccC=O)Ncccccn6))))))))cc6)))))))ccnc6cc%10OC,CNccccC)ccnc6cc%10OC
CcccccCC)CCC)C)NC=O)CScncn[nH]5))))))))cccccc6%10))))))))))c6,CC=O)CScncn[nH]5
OCCO)CNcncnc[nH]c-cccccc6))))))c-cccccc6))))))c95,Cc[nH]cncncC)c6c9C
COC=O)CccccCl)cCl)c6))))))CCCCCN6,CC=O)CccccCl)cCl)c6))))))CCCCCN6
NC=O)ccccOcccccc6)CCNCCCcccccc6)))))))))C6))))))))))nc6,CccccCN)=O))cn6
CCC)COcncc-ccnC)cncC=O)NSC)=O)=O))))ccc96)))))))))cc6Cl,CC=O)cccccC)cnC)c5n9
CNC)CccnS=O)=O)cccccC=CC=O)NO)))))c6)))))))cccccc96,CNC)CccnC)cccccc96
COC=O)Ccccccc6))))))CCCCCN6Ccccoc5,CC=O)Ccccccc6))))))CCCCCN6C
O=cccNCCccccCl)cc6)))))))))[nH]c=O)[nH]6,CCCccccCl)cc6
O=CcccccF)c6-cncccn6))))))))))))NCCCCOccccCF)F)F))cn6)))))))C6C5,CC=O)cccccF)c6C
CC=CCOCCCOC=O)C=CC=CCOCCC=CC=O)OC5))))))))CC)O)))))))))CC)C7CO))CC%11)))C5CO3,CC=CCOCCCC)CC)C7CO))CC%11)))C5CO3
CCOC=O)C=CN)OC=CC=O)CCC)C)C6))))C6CCCCCC6,CCOC
O=CccccC=Ccn[nH]cccccc96)))))))))))cc6))))))NCCNCC6,CCcn[nH]cccccc96
O=CNO))cccncNCCCC5)C3NCccccccF)ccc6n%10)))))))))))))))))n6,CC=O)cccncC)n6
COCCCNC=O)CCl)))cnc-ccccOC))cc6))))))cs5,CccscC)n5
CC#CC=O)NCCCCnnc-cccccC=O)NccccCC)C))cc6))))))))c6))))))ccN)ncnc69)))))))))C6,CcnnC)cncncN)c96
CNCCCNccccOCF)F)F)))cNcncccn6)-cccCN)=O))nn5C))))CC6))))))))))c6))))))CC7,Ccncccn6)-cccCN)=O))nn5C))))CC6
COC=O)CCNC=O)C=O)cc[nH]cccccF)c96)))))))))))CCN6C=O)cccccc6,CC=O)cccccc6
CncScccc[N+]=O)[O-]))cnonc95))))))))))nnc5-cccccc6,CcnncScccc[N+]=O)[O-]))cnonc95))))))))))n5C
[H]C[H])[H])Occcc-ccc=O)ccO)ccO)cc6o%10))))))))))cc6O,CccccC)cO)c6
CCOcccccc6)OCCncc-cncnn5CC)C)))))))nc5-%10))))))))))))))CN)=O,Ccccccc6)OCCnccC)nc5-%10
C=CC=O)NccccC=O)NCCCCNcnncSCcnccCC)C)C))o5)))))))s5))))))C6)))))))cc6,CcnncSCcnccCC)C)C))o5)))))))s5
COCCOCCC6NCCCCCNCCcnccCF)F)F))cc6C%10)))))))))))CC)C))C5,CNCCcnccCF)F)F))cc6C%10
CNC=O)cccOC))cOCC)C=O)NCCNcnccc[nH]cnc95)))))))))CC6C))))))))))cn6,COcccCC)=O))ncc6C
C=CCCCC5O)CCC6CC=CCO)CC)C=O)O7))C6C%13C=O)OCOCC)=O,C=CCCCC5O)CCC6CC=CCO)CC)C=O)O7))C6C%13CC)=O
CNCCC=Ccccccc6CScsccc5%14))))))))))))))CC6.O=CO)CO)CO)C=O)O,CCcccccc6CScsccc5%14
O=CccccNCCCcccccc6%10))))))))))s5)))))NCCCC5,CNCCCcccccc6%10
CCCCCF)F)CO)CCCCCC=O)C5CCCCCCC=O)O)))))))))))O6,CCCCCF)F)CO)CCCCCC=O)C5CCCCCCCC)=O)))))))))))O6
CCCOC=O)ccccO)cc6.CCCOC=O)ccccO)cc6,CC=O)ccccO)cc6
CncCcccccc6)))))))nnc5SCC=O)NccccBr)cc6,CNccccBr)cc6
CScccc-cncCSCC=O)NCCC3))))))))cC)o5)))))cc6,CSccccC)cc6
O=CCNccccCl)cn6))))))))NCCcccccBr)c6,CNCCcccccBr)c6
CNCCNCCccccF)cc6))))))CO)CCCCC6))))))))CC6.Cl.Cl,CCCccccF)cc6))))))CO)CCCCC6
CnccC=COcccccO)c6C9=O)))))))))))ccNCCCCCC7)O5)))))))ccnc69,CCccnC)cncccC)c96
O=CCCCCCCNC=O)cccccc6))))))))))))))NO,CC=O)cccccc6
CCOcccc-ccccS=O)=O)NCC=O)O))CCCNC=O)OCC)C))))CC6)))))))))s5)))))cc6,CCOccccC)cc6
CCCCCNC=O)CCC=O)NC))))cccccc6)OCO5))))))))cccccc69,CC=O)CCcccccc6)OCO5))))))))C=O)NC)cccccc69
O=CO)cccS=O)=O)NCCOCC6)))))))ccc6NCCCC5,CC=O)cccSC)=O)=O))ccc6C
Cconc-ccCl)cccc6Cl)))))))c5CC=O)NCccccOCC)C)))nc6,CCC)C
C=CCC)CCCcccccc6)))))))NC=O)C5COCC)=O)))C=CCC)O)C=O)CC)CC=CC%11C%18O,C=CCC)CCCcccccc6)))))))NC=O)C5COC))C=CCC)O)C=O)CC)CC=CC%11C%18O
O=CC=CC=O)N5CCCCO)CCccccO)cc6C%10CCN%12CCCC3)))))))C%14O5,CCCCCO)CCccccO)cc6C%10CCN%12C))))C%14O5
COcccccc6OCC=O)Nccccc-cncccccc6c=O)o%10))))))))))c6,Ccncccccc6c=O)o%10
C=CCCNCC)CO)Cncncn5))))))ccccF)cc6F)))))))))CC6,CCCO)ccccF)cc6F)))))))CC)C
[H]C[H])NCCCnc=O)[nH]cccCl)ccc69)))))))))CC6))))))C[H])[H])C[H])[H])nc=O)[nH]cccccc69,Cnc=O)[nH]cccCl)ccc69
C=CC=O)Nccc-nc=O)ccccncccc-ncccn5)))))cc6c%10%14))))))))))))))ccc6C,Cccccnccccc=O)nC)c6c%10c%14
Ccc-cccccc6)CNCCC3)))C5=O)))))))))nnn5-ccccnc6F,Ccccccc6)CNC)C5=O
FCF)Occcc-cnnccnccNCcccccc6))))))))n96)))))))))cc6,CccnccnncC)n95
C=CC=O)NccccS=O)=O)NCCNccccCF)F)F))cn6))))))CC6)))))))cc6,CNccccSC)=O)=O))cc6
Ccc-cccccS=O)=O)NC)C)))c6))))))ccccC=O)O))cc6n9CCF)=CCN.Cl,CcccccSC)=O)=O))c6
Cc[nH]cnc5CNCCNC=O)NCCCC)C)))C=O)O)))))CCcccccc6)))))))C6=O,CNCCNC)CCcccccc6)))))))C6=O
CccccCNC=O)cnn-ccccF)cc6))))))cCCCO)CCO)CC=O)O))))))))c5CC)C))))))))))cc6,CC=O)CCO)CCO)CCccCC)C))cCC)=O))nn5C
Cc[nH]cC=CC=O)NccccC=O)NCC)cccccc6)))))))))cc69))))))))))cC)c5NC=O)C=CCNC)C,CCc[nH]cC)cNC))c5C
CCC)C)ccccC=O)NccCN)=O))occcccc96)))))))))))cc6,CNccCN)=O))occcccc96
CCOccncc-ccccccOC))ccc6c%10))))))))))c6,COccccccC)ccc6c%10
C=CCcccccc6OCCO)CNCC)CCCCCC)C)NC=O)CBr)))))C6,CNCC)C)CCCCCC)C)C6
CNC=O)C=CcccccOcccccc6)))))))c6)))))))NC=O)cccccc6,CC=O)cccccc6
O=CCOcccccc6))))))))Nccccc-ccncccnc6n9)))))))))c6,CNcccccC)c6
NS=O)=O)Occccoc-cccccc6))))))cc=O)c6c%10,Ccccccc6
CCNCCCC=O)Ncn[nH]cnnc-cccccF)c6F)))))))cc96)))))))))))CC6.Cl,CcccccF)c6F
CCC)C)OC=O)NNCcccccc6)))))))C=O)CNC=O)C=CC5=O,CCcccccc6
C=CC=O)NccccOC))cc6))))))CCCNCCcccccc6))))))))CC6,CCCcccccc6
CCC)C)ccccCC=CO)ccccF)cc6)))))))C=O)C=O)N5cnncs5))))))))))cc6,CCC=O)C=O)NC)C5ccccCC)C)C))cc6
CCCCCCO)C=CC=CCC=CCCCCC=O)O,CCCC=CCCCCCC)=O
CCC)CCNcncNcccF)cO)cF)c6)))))))ncc6NC)C=O)C%10C,Ccncccn6)NC)CC)C=O)N6C
CCOC=O)ccccNCCC)O)))CCC)O))))cc6,CC=O)ccccC)cc6
COcnn-ccccNC=O)ccccCC)C)C))cc6))))))))cc6))))))c=O)o5,COcnnC)c=O)o5
O=CNccccNCCCC=O)NCCOCC6)))))))CC6))))))cc6)))))))ccncOcccccc6)))))))nc6,CC=O)ccncC)nc6
COccNCCCCN)CC3)))C5)))))cccc=O)cC=O)O))cnCCC3F))))c%106,CCCC3F
COC=O)CCCC)C=CC)Ccccoc5)))))CC5OC8CO)CCC)C=O)OC)))C=CC=O)C6%16C,CC=O)CCCC)C=CC)Ccccoc5)))))CC5OC8CO)CCC)CC)=O))C=CC=O)C6%16C
CCC)OBccccCCN=CN)N))))OC=O)ccccnc6)))))))))cc6))))))OC5C)C,CC=O)ccccnc6
CCC)NCCCOccccCNCCOCC6)))))))cc6)))))))CC6,CCCCNC)CC6
CccF)cN)cc=O)cc-ccccNC=O)CN)CCCCN))))))))cF)c6))))))oc6c%10F,Cccc=O)ccN)cF)cC)cF)c6o%10
CC=O)OCCC)=O))CCCCCCC=CC=O)CCC6C%10CC)CC%14%17C,CC=O)CC)CCCCCCC=CC=O)CCC6C%10CC)CC%14%17C
O=CO)cccncc6NcnnCCCCC5)))))ccccF)cc96,CC=O)cccncc6C
COC=O)ccccCOnnncccccc69)))))))))))cc6,COCccccCC)=O))cc6
CC=NNcccccc6))))))C=O)C5=CccccCl)cc6,CC=NNC)C=O)C5C
NC=O)CCN)C=O)NCCCC5P=O)Occcccc6)))))))Occcccc6,CC=O)CN)CCN)=O
Nccccc-cccF)ccc6OcccF)cS=O)=O)Ncncns5)))))))cc6Cl))))))))))))))n6,CcccF)cSC)=O)=O))cc6Cl
CCCCCNC=O)CCCN)=O)))cccccc6)OCO5))))))))cccccc69,CNC=O)CCCN)=O)))cccccc6)OCO5))))))))cccccc69
COcccccc6OC))))CNC=O)CNCcccncc6))))))))CC)C)C))))CC6.Cl,CCcccncc6
CCCC)C=O)Nccc-cccccc6))))))nc-cccccc6))))))n6,CNcccC)ncC)n6
CCC)ccccC=O)NC)CCNCCNcccccccoc95)))))))))CC6))))))))))cc6.Cl,CC=O)ccccCC)C))cc6
COccccCl)c-ccccNC=O)cconc5C))))))))nc6N)))))))c6,CNccccC)cN)n6
CccscNC=O)cccccCl)c6))))))))n5,CC=O)cccccCl)c6
COcccc-cnonc5NC=O)cccccCl)c6)))))))))))))cc6OC,CC=O)cccccCl)c6
CNCCNC=Ncccccc6NcscCO))cc5%14))))))))))))))CC6,CNCCNC)CC6
COccccF)cc6CC)C)CCO)CNCCC)C=O)CC)C6)))))))CF)F)F,CCCNC)CCC)C6=O
Cc[nH]c-cccccc6Occcccc6)))))))))))))cnc[nH]c=O)c96,Cc[nH]cC)cc=O)[nH]cnc96
Ccncccccc6nc%10NN=CccccO)cc6,Ccncccccc6nc%10C
CCC)CNC=O)ccnCcccccc6)))))))cccccc96)))))))))))CN)=O,CC=O)ccnC)cccccc96
CCccccNcncccCl)ccc6o9))))))))))cc6,CcncccCl)ccc6o9
CCO)C=O)NCCCCCCCCCC=O)NCcccccc6))))))cccccc6)))))))))N5C%11=O,CNCCCCCCCCCCC)=O))N5C%11=O
O=CNcnnc-ccccBr)cc6))))))s5))))))ccccs5,CC=O)ccccs5
CcccO)ccC)c6C=CccnccCN)=O))c6,CCccnccCN)=O))c6
Ccncc-cncNccccC=O)NCCCNC)C))C5))))))cc6)))))))ncc6F)))))))n5CC)C,CC=O)ccccC)cc6
NCCCSCccccCl)cc6))))))))))C=O)O,CO
CNC=O)Ncccc-cncNCCOCC6))))))ccnnCCF)F)F)))c5n9)))))))))cc6,CcncC)ccnnC)c5n9
COcccc-cncCS=O)CC=O)NCCCCCC6C))))))))))))cC)o5)))))cc6,CC=O)CS=O)CcncC)oc5C
CCC)C=O)NccccC#N))cCl)c6))))))C=S)N5CCCSN)=O)=O,CccccC#N))cCl)c6
N#CcccS=O)=O)Ncncns5)))))))ccc6OcccCF)F)F))cF)cc6-cccnnc6,CcccF)cCF)F)F))cc6C
O=CNccccccccnc%106)))))))))))ccccNC=O)CCC=CCC5)C6C9=O))))))))))cc6,CNC=O)CCC=CCC5)C6C9=O
CCCNCCCncccccc6cccccc6%13))))))))))))))))CCC)N6,Cncccccc6cccccc6%13
O=CNccccF)cc6)))))))NCC=O)NCC=O)NCCCC5)))))))cccccc6NCCCCCC6))))))C%11=O,CCCCCCC6
O=c[nH]ccnc-ncnccccF)cc69)))))))))nc6n9CCCOccF)cccc6%10,CCCCOccF)cccc6%10
COC=O)CNC=O)cnnCCCCCF))))))cccccc96)))))))))))CC)C,CC=O)cnnC)cccccc96
COccc-cnnCCNCCCNC)C))CC6))))))))cncncN)c96)))))))))ccc6NCcccccc6,CcnnC)cncncN)c96
CC=O)NO)CC=CcccccOcccccc6)))))))c6,CCcccccC)c6
FcccF)ccC=NNccnccCl)n6)))))))))c6,CN=CcccF)ccF)c6
O=S=O)CCNCcccNCCCCOCC6))))))))c[nH]c-cccccc6))))))cc5c9))))))))))CC6,CCcccC)c[nH]cC)cc5c9
Cnnccc5Ncccccc6)C=O)CCCCNC=O)NCCC3cccccc6)))))))))))CC6)))))O6,CNCCC3cccccc6
CccccNcncN)cccccc6n%10)))))))))))cc6Cl,CcncN)cccccc6n%10
[H]C[H])CCCC[H])[H])C6nnnnc5CCCCOcccccc6)CCC=O)N6,Ccccccc6)CCC=O)N6
COccccCO)CCNCcccccc6))))))cccccc6)))))))CC6))))))cc6,CCcccccc6))))))cccccc6
CcccC)ncNS=O)=O)ccccNC=O)ccccC#N))cc6))))))))cc6))))))))n6,CC=O)ccccC#N))cc6
Ccccccc6CCCccccNSC)=O)=O)))cc6))))))=NN5C=O)ccccs5,CccccC=NNC)Ccccccc6C)))))))C5)))))cc6
CCC)=CCCCC)=CCCCC)=CCONC=O)CP=O)O)O,CCCCCC)C
CNCCNcccccc6CCNC=O)ccccOCCF)F)F))))nc6))))))))CO6))))))))))CC6,CNCCOcccccC)c6C%10
CCC)CNC=O)ccccC=O)O))cc6))))))))C=O)NCCCC5C=O)NCC=O)CF)F)F)))CC)C,CC=O)ccccCC)=O))cc6
O=CNCCO))C=O)OCcccccc6)))))))))))OCCcccccc6-cccccc6%13,CCCcccccc6-cccccc6%13
NcncNCCC3))))cncnCC=CCCO))C5)))))c5n9,CCC=CCCO))C5
O=COCC=O)cccc[nH]5))))))))ccccS=O)=O)NCCCCCC7))))))))cc6,COCC=O)cccc[nH]5
COC=O)C=COCC)OC))OC5CCCCCCC=CC=O)CCC6C%10CCC%14%17C,COC
C=CC=O)NCCCCnnc-ccccNC)C))cccccc%106))))))))))ccN)ncnc69)))))))))C6,CccccNC)C))cccccc%106
Ccccccc6-nc-cccco5)))))ncccccc6c%10=O,Ccncccccc6c=O)n%10C
NCCCCCNC=O)OCCcccccc6-cccccc6%13)))))))))))))))))))))C=O)O,CCCcccccc6-cccccc6%13
O=CNcccc-nnccn5)))))nc6)))))))NCCCC5CN5CcccccOccccCl)cc6)))))))c6,CCcccccC)c6
O=CC=CC=O)N5cccccBr)c6,CNC=O)C=CC5=O
O=S=O)Ncnccs5))))))cccCl)cNCCCCCCO)C6))))))))cc6F,CcccF)cSC)=O)=O))cc6Cl
[H]cc[H])c[H])c[nH]cS=O)CcncccOCCCOC))))))c6C)))))))))nc5c9[H],CCCCOC
CNC)S=O)=O)cccccC=O)OCC=O)Ncccccc6NC=O)C%10C)C)))))))))))))))c6,CNcccccc6NC=O)C%10C)C
CNC=O)CCC=O)NCCcccccc6)))))))CO)CNCCCC3))))S=O)=O)cccco5,CCCO)CCcccccc6)))))))NC
CCcncnc-cccn[nH]5)))))c6CCN%10C=O)cccccCF)F)F))c6Cl,CC=O)cccccCF)F)F))c6Cl
CcnocNC=O)NCCCCC6))CCccccOCF)F)F)))cc6))))))CO5))))))))))c5C,CccccCCOCCCNC)CC6)))))C5)))))cc6
O=CNcncccccc6s9))))))))))cccccS=O)=O)NCCCCCC7))))))))c6,CC=O)cccccSC)=O)=O))c6
COccccCCNC)CCCCC#N))ccccOC))cOC))c6))))))CC)C)))))))))cc6OC.Cl.O,CCCCCC#N))ccccOC))cOC))c6))))))CC)C
CCCCCCC)CCC[N+]6[O-])CC=O)NccccNC=O)CCCC=O)O)))))))cc6)))))))))))))C6O7,CNccccNC))cc6
C#CC=O)Ncccccc6)C=CcncCC))[nH]c5C)))))))C=O)N5,CNcccccc6)CC)C=O)N5
COccccOcccccc6NS=O)=O)ccccOC))cOC))c6))))))))))nC)c=O)n5C)))))))))cc6,Ccccccc6C)))nC)c=O)n5C
COCCccccOCCO)CNCC)C)))))))cc6.O=CO)C=CC=O)O,CCCO)CC
O=CNCCCCC5Ncncccccc6s9))))))))))))))))cccccc6-nnccn5,CC=O)cccccc6C
COccccc=O)cc-ccccC)cc6))))))oc6c%10,COccccc=O)ccC)oc6c%10
O=CNCCNCCCC7OC=O)ccccO)cc6))))))))))))))))ccccO)cc6,CC=O)ccccO)cc6
COC=O)CNCCcsc-cccccc6Cl)))))))cc5C9.O=S=O)O)O,Ccccccc6Cl
COcccc-ccsc-ccccs5)))))n5)))))cOC))c6,COccccC)cOC))c6
Occcc-nccCcccccc6)))))))nn5)))))cc6,CnccCcccccc6)))))))nn5
C=CC=O)OCC5CCCC)CCCOC=O)cccccC)c6))))))))CC)C%106,C=CC=O)OCC5CCCC)CCCC)CC)C%106
C#CCNcccncscc=O)n-ccccOC))cc6))))))cnc6c%139,COccccC)cc6
[H]C[H])[H])C=O)NCCNccccOCCCOCCnccnc5))))))ccccCl)cc6Cl)))))))O5)))))))cc6))))))CC6,CCCCOCCC))ccccCl)cc6Cl)))))))O5
C=CCOC=O)NccccNCccccF)cc6))))))))nc6N,CCccccF)cc6
CcccC)cNC=O)CCCCN5CCO))))))))))cC)c6,CNccC)ccC)cc6C
FCF)OccccC=NNccnccCl)n6)))))))))cc6,CN=CccccC)cc6
CCC=O)NccccCl)cc6))))))CCCNCCcccccc6))))))))CC6,CCCcccccc6
OccccCScccO)ccc6OC%10ccccOCCNCCCO)CC6)))))))))cc6))))))))))))))))cc6,CCCOccccCOccccO)cc6SC%10ccccO)cc6))))))))))))))))cc6
O=Ccn[nH]c=O)cccccc%106))))))))))NCCNCcccccc6-cccccc6%13)))))))))))))CC6,CCcccccc6-cccccc6%13
C#CccccCOC=O)NCCCC5C=O)NCCCCBr)=NO5))))))))))))))))cc6,C#CccccCC))cc6
O=CNcnccs5))))))cscccccc6c9Cl,CC=O)cscccccc6c9Cl
O=Cccccnc6))))))NCCNCccccF)cc6)))))))CC6,CCccccF)cc6
CC=O)NCCCccccC=O)N=CN)N))))cc6CF)F)F))))))))CC6.Cl,CCC)=O
CCN)C=O)NCC=O)NCCCC5C=O)NCCCCcccccc6%10))))))))))))))))))CC)C)C,CNCCCCcccccc6%10
CNO)C=O)C=Ccccc-cccccc6))))))cc6,CCccccC)cc6
Cl.O=COCCNCCOCC6)))))))CN5N=Ccccc[N+]=O)[O-]))o5,CN=Ccccc[N+]=O)[O-]))o5
Occcccc6OCcncc-ccccCl)cc6))))))cc6CCO)CC%15)NCCCC3))))CCC%17%146,Cccnccc6)CCO)CCccccO)cc6C%10CCN%12C))))C%14O5
CcccccCl)c6-cnnccC)ncncccc6n%13%10,CcccccCl)c6C
COccccNS=O)=O)cccNC=O)cccco5)))))))ccc6NCCCCC6))))))))))))))cc6,CNccccC)cSC)=O)=O))c6
COccccSC=O)NCCCC=O)O))))C=O)O))))))cc6,COccccSCC)=O)))cc6
O=S=O)Nccccnn6)))))))ccccOccccCl)cc6-cccnnc6)))))))))))))cCl)c6,CccccSC)=O)=O))cc6Cl
CcnocCOcccccc6OCCO)CNCC)C)C)))))))))))))))n5.Cl,CCcncC)no5
CCC=O)O))ccccCCCCC=NO))C6))))))cc6,CC=O)CC)ccccCCCCC=NO))C6))))))cc6
CCNCCO)CP=O)O)CCCCCCC6))))))))))))ccccCl)cCl)c6,CCC)ccccCl)cCl)c6
C#CCNCC)=CC=O)OC)))Cccccc[N+]=O)[O-]))c6))))))CC=O)OCC))))=C6C,CC=O)C=CC)NC)CC)=CCC)=O))C6ccccc[N+]=O)[O-]))c6
NcncN)c-cccCl)ccCl)c6Cl)))))))cCF))n6,CcccCl)ccCl)c6Cl
CCOccNCCNCccccOCCCNCCCC4))))CC6)))))))cc6)))))))CC6))))))cccc6NC)C%10=O,Ccccccc6OCC)C=O)N6C
CCCNCCCCNC=O)CCCCCC5))))CC6=O)))))))))))CCOcccccOC))c6C%10.Cl,COcccccc6CCC)CO6
COcccOC))cccccc6c%10C=CC=O)NC=S)NC6=O,CCccOC))ccOC))cccccc%106
COC=O)CCCC)C)))NC=O)CC)NC=O)CO)CN)ccccCC)C))cc6,CC=O)CO)CN)ccccCC)C))cc6
CcnocCOcccccc6OCCO)CNCC)C)C)))))))))))))))n5,Ccccccc6C
O=CNCCcccccc6C9))))))))))Occccc-cccccc6))))))c6,COcccccC)c6
O=CO)CCCC=CCCCO)CCO)C5C=CCO)COcccccCF)F)F))c6,CcccccCF)F)F))c6
O=CC=CccccO)cc6)))))))CCC5=CccccO)cc6,CCccccO)cc6
CNCCCC5CCOC=O)CC=Ncccccc69)))))))))))C7,COCCCCCCC7)N5C
C=CCNC)CC#CC=O)NccccncncNcccccBr)c6)))))))c6c%10,CNccccncncC)c6c%10
CCC)C)COCCCC6CNcccF)cS=O)=O)Ncnccs5)))))))cc6Cl,CcccF)cSC)=O)=O))cc6Cl
COcnc-cncccc6C)))))))cc-ccccN)cc6))))))c6C#N,COcncC)ccC)c6C#N
CCCNCC)C)C)))C=O)cccccCl)c6,CCC)C)C
Ccnc-ccccCF)F)F))cc6))))))sc5C=O)NCCS=O)=O)cccccn6,CC=O)cscC)nc5C
COC=O)CCOP=O)O)cccccc6))))))))CCCCC7N5C,CC=O)CCOP=O)O)cccccc6))))))))CCCCC7N5C
cccc-cc-cncccccc6[nH]9)))))))))n[nH]c5-cccco5))))))))))cc6,Ccncccccc6[nH]9
CCC)cccccCC)C))c6OCOCC=O)O))CO)CO)C6O,CC=O)COCC)CO)CO)C6O
CNCCNC=O)CC)C)ccccC=O)Nccncc-cccncc6))))))ccc6n9)))))))))))cc6))))))))CC6,CNccnccC)ccc6n9
Cl.Cl.N#CccccNCCNCC=O)NCCCC5C#N)))))))))))))nc6,CCCNccccC#N))cn6
ClcccccOcccccc6CCCNCC6)))))))))))))c6,CcccccCl)c6
NC=O)CCNC=O)ccCl)cccc6Cl)))))))))C=O)O,CC=O)ccCl)cccc6Cl
Ccccsc5C=O)NN=Cccccccccc6c%10O,CNN=Cccccccccc6c%10O
O=CO)cccccCScnnc-cccncc6))))))o5)))))))c6,CO
[H]cc[H])c[H])ccc6[H]))cC=O)cccccc6I))))))))c[H])n5CCCCC=O)O,CCCCCCC)=O
COcccc-cccCF)F)F))nncC=O)NCCNCCOCC6))))))))))cc5n9)))))))))cc6,CC=O)cccncC)ccCF)F)F))n6n9
O=[N+][O-])ccccCccO)ccc[nH]ncc95)))))))))NCCCCC6)))))))cc6,CNCCCCC6
CC=CCCC)CCC)CO)=CC=O)NCCO)ccccO)cc6)))))))C5=O,CCC=O)NCCO)ccccO)cc6)))))))C5=O
O=CO)cccccOCccccccccc6n%10))))))))))))c6,CCccccccccc6n%10
Ccnc-ccccOCCC)C))))c-ncnnn5)))))c6))))))sc5C=O)O,CccccC)cC)c6
COcccc-cnccC=O)ccccF)cc6)))))))[nH]5)))))cc6,CcnccC=O)ccccF)cc6)))))))[nH]5
CCCnccS=O)=O)ccccNC=O)CCC3ccccnc6)))))))))))cc6)))))))cn5,CCCnccS=O)=O)ccccNC))cc6)))))))cn5
CNCCOcccF)cNCCNS=O)=O)CCCC3))))))C4))))cc6C%10Ccccccc6,CS=O)=O)CCCC3
CCC)NC=O)CCCCCCCcccO)ccc6C%10CCC%14C)C%17O,CC=O)CCCCCCCcccO)ccc6C%10CCC%14C)C%17O
NCCnnccccccc69))))C=O)cccccc6-%10,Cnnccccccc69))))C=O)cccccc6-%10
CNCccc-cccccCO)CO)CN)=O))))n6))))))ccc6OccccCF)F)F))cc6%15,CcccccCO)CO)CN)=O))))n6
BrccnccNCCCNCC5C8))))))))c6.O=CO)CF)F)F,CC=O)CF)F)F
Occcccc6)OCCNCcccccc6)))))))))CC6,CCCCCccccO)cc6O%10
CccccF)cc6NcnccccNC)C=O)C=CCNC)C)))))))cc6ncncc%135,CcnccccNC)C))cc6ncncc%135
NCCCCNS=O)=O)cccccCl)cccc6c%10,CS=O)=O)cccccCl)cccc6c%10
COcccNC=O)cscnc-ccccF)cc6))))))ccc6c9N))))))))))))ccOC))c6OC,CNcccOC))cOC))cOC))c6
CCCCC=O)cccC)ccc6C))))))))NCCCC5,CCCCC)C=O)cccC)ccc6C
OC=cccccc6=CNCCCCCC6)))))))C9=Ccccccc6,CCcccccc6
CNC)CCO)CnccccBr)cc6cccBr)ccc6%13,CCCO)CNC)C
NncCcccccccccc%106)))))))))))nnc5SCcccccc6Cl,CncCcccccccccc%106)))))))))))nnc5SCcccccc6Cl
CCNC)C=O)CCCCCCcccO)ccc6C%10CCC%14C)C%17O,CCNC)C
CcnocCCCNC=O)NCCC3cccccc6)))))))))))CC6))))))n5,CNCCC3cccccc6
O=CNCCCCCCCC6)C8)))C6)))))))cnnCCCCO)CF))))))cccccc96,CC=O)cnnC)cccccc96
Cncccccc-nccc-ccccCF)F)F))nn6))))))cc6=O)))))))cc69))))))CCNCC7,CccccccnC)c5c9)))CCNCC7
CCCCCC)C)CO)C=CCC=CC=O)C5CC=CCCCC=O)O,CCCCC=O)C=CC5CC
NCCScncCCCCCC6))))))n-cccccc6))))))n5,CnncSCCN))))nc5CCCCCC6
O=CNcccccn6)))))))cccccC=O)Ncccccn6))))))))c6,CC=O)cccccCC)=O))c6
CNCC)C=O)NCCCCCCCCCNCCccccCF)F)F))cc6))))))))CC6N9C%14=O,CNCCCCCCCCCNC)CC6N9C%14=O
CCCOccNCC[N+]C)[O-])CC6))))))cF)ccc=O)cC=O)O))cn%12c%106,CC=O)ccncccC)cF)cc6c%10=O))))))OCC6C
CC=CC=O)NCCCCnnc-ccccOcccccc6)))))))cc6))))))cc5CO)))))))C6,CccccC)cc6
COccccNC=O)CON=CC)ccccs5)))))))))))cc6,CNccccOC))cc6
CcccccCCNC=O)ccccF)cc6F)))))))))C=O)NCC#N))COCcccccC=O)O))c6))))))))))))))c6,CCcccccCC)=O))c6
N#CcncNCCOCC6))))))ncNCccccCl)cc6)))))))CCCCCC6)))))))n6,CCccccCl)cc6
COccccCNC=O)CNCC)=O))))))C=O)Ncccccc6)OCCO6))))))))))))cc6,CNcccccc6)OCCO6
O=CO)CCCCNcncncsccc95)CCCC6))))))))))))C6,Ccncncsccc95)CCCC6
O=CNCcccccc6))))))))OCCOCCOC=O)CCC3)))))COC85,CCCOCCC)COC85
CCNCC))CCNC=O)cccccc6C9cccccc6,CNC=O)cccccc6C9cccccc6
Cc[nH]c-cccSC)=O)=O))ccc6OccccF)cc6F))))))))))))))ccn[nH]c=O)c96,CccccF)cc6F
C#CCCNC=O)OCCcccccc6-cccccc6%13)))))))))))))))))C=O)O,CCCcccccc6-cccccc6%13
C=CcccccOCCCNCCO6))))))))c6C9.O=S=O)O)cccccc6,Ccccccc6CC=C5
CC=O)NC)ccc-cccnccC=O)ccccs5))))))cnn95)))))))))ccc6F,CcccnccC=O)ccccs5))))))cnn95
O=CCCCCCCC=O)cccc-cccccc6))))))cc6)))))))))))))NO,CC=O)CCCCCCC=O)ccccC)cc6
C=CC=O)NCCCCCNC=O)Ccccccc6)))))))))C=O)NCCNcccccc6))))))CC6,CC=O)Ccccccc6
CCOC=O)CCCOC=O)COC))=C5cccccc6,COC=Ccccccc6))))))CCCCC)=O))))OC5=O
CcccccNC=O)C=Ccccccc6)OCO5))))))))))))n6,CCcccccc6)OCO5
CCnccC=O)O))c=O)ccncNCCNC=S)NcccccCF)F)F))c6))))))))CC6))))))nc6%10,CCnccCC)=O))c=O)ccncC)nc6%10
[H]C[H])[H])C[H])[H])C[H])[H])C[H])[H])CnncC=O)NCCCCCCCC6)C8)))C6))))))))cccccc69,CC=O)cnnC)cccccc96
CC#CCOccccS=O)=O)NCCSCC)C)C6C=O)NO))))))))))cc6,CC#CCC
O=CCOcccccc6NC=O)NCccccCF)F)F))cc6NCCCC5)))))))))))))))))))N6,CNCccccCF)F)F))cc6C
COcccccc6NC=O)cccccc6OCccC)noc5C,CC=O)cccccc6C
Ccccccc6)c-ccccC)[nH]c6=O)))))))cC=O)O))n5Cccc[N+]=O)[O-]))ccc6F,CCccc[N+]=O)[O-]))ccc6F
O=CCnc-ccscn5)))))ncccccc69))))))))))NcccF)ccc6F,Ccncccccc6n9C
C=CCncSCC=O)Nccccnc6Cl)))))))))))nnc5-ccccCl)cc6,CC=O)CScnncC)n5C
O=CNccccF)cc6)))))))cccccc6C=O)NCccccnc6)))))))C5,CC=O)cccccc6C=O)NC)C5
Cncc-cccSC)=O)=O))ccS=O)=O)ccncCN))s5))))))c6))))))cn5,CcccSC)=O)=O))ccS=O)=O)ccncCN))s5))))))c6
O=CCCcc[nH]cccccc96)))))))))))NCCCCCO5,CC=O)CCcc[nH]cccccc96
O=CNcccccS=O)=O)NCCOCC6)))))))c6)))))))ccccNCCCC5=O))))))cc6,CC=O)ccccC)cc6
CccC=O)NNCCCCC6))))))))nn-ccccCl)cCl)c6))))))c5-ncccc5,CC=O)cnnC)cC)c5C
COcccc-cnnccnccC=O)NcccccCl)c6F)))))))))n96)))))))))cc6,CNcccccCl)c6F
CCCCCCCS=O)=O)cccccc6OCC)=O,CCCCCCCS=O)=O)cccccc6OC
O=CO)c[nH]cO)cc5ccccccc6[nH]c9c[nH]cccccc6c9%20,CC=O)c[nH]cO)cc5ccccccc6[nH]c9c[nH]cccccc6c9%20
COcccccc6-nc-cccO)ccc6C)))))))cncc=O)[nH]c=O)nC)c6nc%129,Cccncc=O)[nH]c=O)nC)c6nc9n%12C
N#CCCCCN5C=O)CCCCCOCcccccc6)))))))))N5,CCcccccc6
O=CNO))ccccI)cc6,CC=O)ccccI)cc6
CCCcccccc6N9C=O)CON=CccccOCF)F)))cc6,CCCcccccc6N9C
O=CNccccI)cc6)))))))ccccOCF)F)F)))cc6,CC=O)ccccC)cc6
CC=O)NCC=O)NCCO)CC5C=O)NCcccc-cscnc5C))))))cc6O))))))))))))))))CC)C)C,CNCccccC)cc6O
CS=O)=O)cccccC=O)NCCCCCN5C=O)CCN)CcccccCl)c6))))))))))))))))))c6,CC=O)cccccSC)=O)=O))c6
CCncccccc6cccC=O)C=O)NccccNC)C))cc6)))))))))ccc6%13,CCncccccc6cccC=O)CC)=O)))ccc6%13
O=CCCl))NCCCC=O)NCCCCC6)))))))CC6,CC=O)CCCNC)CC6
CNCCNCCccccNcnccCl)c-cc[nH]cccccc96)))))))))n6)))))))cc6))))))))CC6,CCCccccC)cc6
CCO)C=O)NccccS=O)=O)NCCNCC6)))))))cc6Cl)))))))))CF)F)F,CNccccSC)=O)=O))cc6Cl
CC=O)CCNCCC=CC)cccccc6C9C%13,CC=CCCNC)CC6cccccc6%13
O=[N+][O-])ccccncNCCNCC6))))))cc-cccccc6))))))c6c%10,CcccC)ccc[N+]=O)[O-]))ccc6n%10
Ccnocc5C=O)Ncccc-cccCl)ccCl)c6Cl)))))))cN)n6,CNccccC)cN)n6
COCCCCNS=O)=O)ccccC=O))cc6)))))))C6,CS=O)=O)ccccC=O))cc6
CCCC)CC=O)OC4C=O)NCC=O)NCC=O)OCcccccc6)))))))))CC)C)C)))))CC)C,CCCC)CC=O)OC4CC)=O
CCCnc=O)c[nH]c-ccnnCcccccc6)))))))c5)))))nc5nCCC)))c9=O,CCCnc=O)c[nH]cC)nc5nCCC)))c9=O
CNC=O)NCCOcccOcccncccOC))cOC))cc%106)))))))))))ccc6%10,COcccncccC)c6cc%10OC
COC=O)CCCCCCCCNC)C=O)CCC6C)C%10CCC%17%14C,CC=O)CCCCCCCCNC)C=O)CCC6C)C%10CCC%17%14C
O=CNccccO)cC=O)O))c6)))))))ccccNC=O)cccco5)))))))cc6,CNccccCC)=O))cc6
Cc[nH]cccccc6c9CCNCCccccC=CC=O)NO)))))cc6CC%11,CCCccC)[nH]cccccc96
CCCCCCNCCccncccBr)ccc96))))))CO)C=O)OC)))C%12)))C6%10,CCCCCCNCCccncccBr)ccc96))))))CO)CC)=O))C%12)))C6%10
CCC)CNC=O)ccccF)cc6Cl))))))))CCCNC5,CC=O)ccccF)cc6Cl
O=ccccccc6ncC=Cccccnc6))))))))n%10CccccCl)cc6,CCccccCl)cc6
CCC=O)NCCCC5CO)OCNC=O)CCCccccc[nH]ccc95)CC%11NC)C%15)))))))))))))))))CC)C))C=O)N%125,CC=O)CCCccccc[nH]ccc95)CC%11NC)C%15
O=CO)CccccS=O)=O)NCCCC5))))))s5,CNCCCC5
NCCOccnccnc-cccncc6))))))ccc%106))))))))))))Ccc[nH]cccccc96,CcccccC)cncc6n%10
NcncNccccOccccCl)cc6)))))))cc6)))))))ns5,CccccC)cc6
CCC=O)Ncccccc6))))))CC=O)OC)))CCNCCC=O)O))))CC6.O=CO)CF)F)F,CC=O)CC)CCNC)CC6
CcccNCCcccccc6)))))))))ncN=CN)NccccCl)cc6)))))))))n6,CcccC)ncN=CN)NccccCl)cc6)))))))))n6
CCC)C)Occcccc6NcncNCCO))))ncNCCCC5)))))n6,Ccccccc6C
CNC=O)Cnc=O)nC)cccc-cccccc6))))))cc69)))))))))))cccccc6,Ccccccc6)nC)c=O)n5C
O=CCCCCN5)))))NCCCC5P=O)Occcccc6-cccccc6O%15,CC=O)CCCCN5
O=c[nH]cccCF)F)F))ccc6n9-cccCl)ccc6O,Cnc=O)[nH]cccCF)F)F))ccc69
[H]C[H])C=CCCC=O)CCO)C5C=CCO)CCCCC))))))))))))))))C[H])[H])CC=O)O,CCCCC=O)CCO)C5CC
CCCCCnc=O)cC=O)Ncncccn6))))))))cO)cccccc6%10,CC=O)ccO)cccccc6nC)c%10=O
C=CCC=O)cccc-cccccc6Cl)))))))cc6))))))))C=O)O,C=CCC=O)ccccC)cc6))))))))CC)=O
CC=O)OccccC=O)NCCCcccccc6%10)))))))))))cc6,COccccCC)=O))cc6
CcccCN)=O))nn5-ccccc-cccF)ccc6CF)F)F))))))))c6,CcccF)ccc6CF)F)F
O=CO)CNCCNC=O)ccccccccccccc6%10))))))))c6)))))))C6C=O)O,CC=O)ccccccccccccc6%10))))))))c6
O=CC=CNCCCC5cncncNCCC3))))c6C%11))))))))))))))cccccc6O,CC=CC=O)cccccc6O
COcccO)ccc6OCCNCCO)COccccc[nH]cccccc6c%139,Cccccc[nH]cccccc6c%139
NCCCCCCCNC=O)CCcc[nH]cccccc96))))))))))NC=O)NCCCC=Ccccccc69))))))))CC6))))))))))))C6,CNCCCC=Ccccccc69))))))))CC6
CNCCCCnncCccccCl)cc6)))))))cccccc6c%10=O)))))))))))CC7,CnncCccccCl)cc6)))))))cccccc6c%10=O
CCCCN)C4CNcncccc6F)))c=O)cC=O)O))cn6CCC3)))))))))))C7,CC=O)ccnC)cncC)cF)cc6c%10=O
N#CCCCCN5C=O)CCCCC=O)NccccBr)cc6))))))))N5,CC=O)CCCCCC)=O))N5
O=[N+][O-])ccccOCCCCCNCCCC5)))))))))))cc6,CCCCCCC
COcccc-cccCF)F)F))nnccC=O)NCcccco5))))))))c5n9)))))))))cc6,CC=O)ccnncCF)F)F))ccC)nc96
CCOcccNCCCO)CC6))))))ccc6Ncncccn6)NC)cccccc6C=O)N%11C,Ccncccn6)NC)cccccc6C=O)N%11C
O=CcccccCF)F)F))c6Cl)))))))NCCNccccF)cc6F)))))))C=O)C6,CC=O)cccccCF)F)F))c6Cl
COcccccc6)cCC=O)O)))cn5C=O)ccccCl)cc6,COcccccc6)cCCC)=O)))cn5C
CCOC=O)CC)Occcccc=O)nCC=O)NCcccccc6))))))))))ccc%106,Ccccccc=O)nC)ccc%106
O=CNCCCO)))))NCCCCCCCC6)C8)))C6,CNCCCCCCCC6)C8)))C6
O=CCCcc[nH]cccccc96)))))))CcccccO)c6))))))N6C=O)N9Ccccccc6,CNC=O)CCcc[nH]cccccc96)))))))CcccccO)c6))))))N6C9=O
FccccCCOccnccnncNCCCF)CC6))))))n95))))))))))))cc6F,CCCccccF)cF)c6
CCncccccc6cccCNCcccccn6)))))))))ccc6%13,CCcccccc6)cccccc6n9CC
CcccccOCCO)CNCC)C)))))))c6.Cl,CcccccC)c6
Ccnn-cncccccc6s9)))))))))cN)c5-cccccc6,CcnnC)cN)c5C
CCccC)cC#N))cncccccc6n9c%13NCCNCC))CC,CCccC)cC#N))cncccccc6n9c%13C
CNC)S=O)=O)cccc-cccnCCF)=CCN)))))c5)))))cc6,CcccnC)c5
CNC=O)CNC=O)CCCCCCCC6)))))))NC=O)OCC)C)C))))))))N=Ccccccc6))))))cccccc6%11,CNCN=Ccccccc6))))))cccccc6NC)C%11=O
CCOccccOcccccC=CCCNC=O)Nccccnn6))))))))CC6)))))))c6)))))))nc6,CCcccccC)c6
CCNCC))CCNC=O)cccccc6I,CC=O)cccccc6I
CCcccccOcccncccOC))cOC))cc%106)))))))))))c6,COcccncccC)c6cc%10OC
O=CCNcccccc6)))))))=CNS=O)=O)cccccc6))))))))C=O)cccccc6%10,CC=CC)C=O)cccccc6C%10=O
CCO)CncccccF)ccc69))))))))))C=O)NccccC#N))cCF)F)F))c6,CNccccC#N))cCF)F)F))c6
Ccccc-cncN)s[n+]5-cccccc6)))))))))))cc6,CcncN)s[n+]5-cccccc6
CC=O)Ncccccc6NC=O)cccco5))))))CC%10C,CC=O)cccco5
CccccNC=O)CCCCCCC=O)NO)))))))))))cC)c6,CNccccC)cc6C
CCC)COcncc-ccccC=O)NSC)=O)=O))))cc6OCF)F)F)))))))))cc6Cl,CccncC)cCl)c6
NS=O)=O)ccccNcnc-cccccCl)ccc6oc%10=O)))))))))))cs5))))))cc6,CcccccCl)ccc6oc%10=O
CC=O)NcncC)c-ccccCl)cS=O)=O)NCCO)))))c6))))))s5,CccccCl)cSC)=O)=O))c6
C=CC=O)NccccO)cC=O)NcccccBr)c6))))))))c6,CNccccO)cCC)=O))c6
COCOC=O)CNC=O)CNC=O)CccccO)cc6))))))NC5C)C))))))C4SC7C)C,CNC=O)CccccO)cc6))))))NC5C)C
COcccncncNccccCl)cc6F))))))))c6cc%10OC.Cl,COcccncncC)c6cc%10OC
S=c[nH]c-cccccc6))))))cn5-cccccc6,Ccccccc6
CCCnncC=O)NCCCCC6)))))))cc5CCCNCCcccncc6)))))))))C6,CCCnncCC)=O))cc5CCCC)C6
CCCN)C=O)NCCCCCCCCCC=O)NCcccccc6))))))cccccc6)))))))))N5C%11=O,CNCCCCCCCCCCC)=O))N5C%11=O
O=CNCCCCcccccc6)OCO5))))))))cccccc6)OCO5)))))))))CC6))))))ncncn5,CNCCCCcccccc6)OCO5))))))))cccccc6)OCO5)))))))))CC6
N#Cccccc-cccccCNCCCCN))CC6)))))))ccc6[nH]9)))))))))n[nH]c5c9,CCcccc[nH]cC)cc5c9
O=CCC[N+]=O)[O-])))=NO)))NCCNCccccCl)cc6))))))ccccCl)cc6)))))))CC6,CCccccCl)cc6))))))ccccCl)cc6
CNCCNccccOccccSNcnccs5)))))))cc6C#N)))))))))cc6))))))C5=O,CSccccC)cC#N))c6
CCC)C)CNC=O)CCCCccccCl)cc6)))))))))CC=O)NO)))))))CN)=O,CNO
CCC)COcncc-ccccC=O)NSC)=O)=O))))cc6))))))cc6Cl,CC=O)ccccC)cc6
COC=O)CCCC)C)COCC)=O)))CCC=CCC=O)OCcccoc5)))))C6C)CCC%10C%16C)C%14=O,CC=O)CCCC)C)CC)CCC=CCC=O)OCcccoc5)))))C6C)CCC%10C%16C)C%14=O
COC=O)C=CCNC=O)CCCNC=O)CCC)C))))CC6,CC=O)CCC)C
O=CO)CCC=O)NCCcccS=O)=O)NCCNccccF)cc6))))))CC6)))))))ccc69,CNCCcccSC)=O)=O))ccc69
COccccCScccccccccc%106))))))))NCCNC)C))))C=O)C7OCC)=O))))))))))cc6,COccccCScccccccccc%106))))))))NC)C=O)C7OC)))))))))cc6
Cl.cccccsc5cNCCNCC6))))))n9,Ccncccccsc95
CCCCccccNS=O)=O)cccccc6)CCN5C=O)CC9)))))))))))))cc6,CS=O)=O)cccccc6)CCN5C=O)CC9
O=CNO))ccccCNcccccn6))))))cccccn6))))))))cc6,CCccccCC)=O))cc6
C=CCOC=O)C=CSCCCC)OCC)=O))))C=O)N74,COCC)CC=O)NCCC)=O))=CSC75
C=CC=O)NCCCCCNC=O)Ccccccc6)))))))))C=O)NCCNcccccC)n6))))))CC6,CC=O)Ccccccc6
CccCO))ccnncOCccccF)cc6))))))))c6n9CCCC3C,CcnncccCO))cC)nC)c95
COccccCl)cc6NC=O)CC)NCCNCC=Ccccccc6)))))))))CC6,CCC=Ccccccc6
CCCCOC=O)cccccc6OP=O)COCCncccN)nc6=O))))))))CO6,CCCCOP=O)Occcccc6CC)=O)))))))))CO6
CcccccCC=O)NCcccccc6)OCO5))))))))))))coc5c9,CC=O)CccocccC)ccc96
CCNC=O)cncCNC)C)))n-ccccCl)cc6C=O)cccccc6Cl))))))))))))))n5,CccccCl)cc6C=O)cccccc6Cl
CC=CC)C=O)OCCO)cccccc=O)oc6cc%10OC)))))))))))))CC)C)O,COcccoc=O)ccc6cc%10CO)COC))CC)C)O
CccccOCCO)CC)NCC)C)))))))cc6CCC5,CccccC)cc6CCC5
Cncc-cccc-ccccCNC=O)cnocCC)C)C))n5))))))))cF)c6))))))ncnc6[nH]9)))))))))cn5,CC=O)cnocCC)C)C))n5
CC=O)OCC)C)CC=O)OCCC=CC)C))))C=CC=O)ccO)cccO)c6C%10=O,CCCCOC))C=CC=O)ccO)cccO)c6C%10=O
N#CcccccNC=O)cccF)ccC#N))c6))))))))c6,CC=O)cccF)ccC#N))c6
CCCF))NCCO)COccccc[nH]cccccc6c%139,Cccccc[nH]cccccc6c%139
CCO)CCCCO)CCCCO)CC=O)C5CCCCCCC=O)O,CO
COcccc-cccncc-cccccc6))))))cN)n6n9)))))))))cc6,COccccC)cc6
O=CCCCCCCOcccc-cccccc6))))))cc6)))))))))))))NO,CccccC)cc6
cnnCCCOCC6))))))cc5Ncnccnnn-cccccn[nH]c5c9)))))))))c5n9,Ccccccn[nH]c5c9
O=CCNCC=Ccccccc6))))))CC6)))))))NccCl)cccc6Cl,CNccCl)cccc6Cl
CCC)CNC=O)c[nH]cnc5NCccccCl)cc6)))))))C9=N%12,CCccccCl)cc6
O=CccccCCCCCCO)cccccc6)))))))N5))))))cc6))))))NCCNCcnnnCCF)F)F)))n5))))))CC6,CC=O)ccccCCCCCCO)cccccc6)))))))N5))))))cc6
COcccc-ccccncncNcccc-ncncn5)))))cc6)))))))c6c%10))))))))))cc6OC,Cncncn5
CCCCCC=O))NC=O)OCC)Ccccccc6,COCC)Ccccccc6
COcccncNCCcccccc6NSC)=O)=O)))))))C6))))))ncN)c6c-cccccn6))))))c%10OC,Ccccccc6CCNC)C6
O=CNCCOCcccccc6)))))))))C=O)O))))OCcccccc6,CCcccccc6
CCNCC=O)NccF)cccc6F))))))))))C=O)cccC)n-ccccF)cc6))))))c5C,CccccF)cc6
O=S=O)Ncncns5))))))cccF)cOCOCCNC6ccccncccc6c%10)))))))))))))))))cc6F,CcccF)cSC)=O)=O))cc6F
CCNCCO)))CCCCC)NcccncccCl)ccc%106,CCCCCC)C
CCOC=O)CCCNC=O)cccnc-ccccCl)cc6))))))ccCF)F)F))n6n9))))))))))CC6,CccccCl)cc6
CNC)CCnc=O)ccccccccccc6nc%15=O))c%139)))))C=O)CCC6,Cnc=O)ccccccccccc6nc%15=O))c%139)))))C=O)CCC6
COCCnncC)cC=O)NCCOccccc-ccccnc6))))))c6C%10))))))))))))n5,CC=O)cnnC)nc5C
O=CCCCCNC=O)NCCCcccccc6CC%11)))))))))))))CC6)))))Occcccc6%10,CNCCCCC6))CC=O)cccccc6O%10
CCccccS=O)=O)NCccccC=O)NCCNCcccccc6)))))))CC)C)))))))cc6)))))))))cc6,CCccccCC)=O))cc6
NC=O)cccccC=CC=O)cccccc6)))))))))c6,CCC=O)cccccc6
CccC=O)NCCCCC6)))))))scnc-ccccF)cc6))))))cn85,CC=O)cscncC)cn5c8C
[H]cc[H])cNCCCOccccOCF)F)F)))cc6)))))))CC6))))))c[H])c[H])c6OCCC)Cncc[N+]=O)[O-]))nc5O8,CCCC)Cncc[N+]=O)[O-]))nc5O8
CCC)CCCCCC=O)CCCCCCC)C)C=O)O))))))))))))))C=O)O,CC=O)CC)C)CCCCCC=O)CCCCCCC)C)CC)=O
CCOC=O)NccccC=O)C=CcccNCCOCC6))))))cccccc6n%10)))))))))))))cc6,CCC=O)ccccNC))cc6
O=S=O)F)CCCCCccccOCcccccc6))))))))cc6,CccccCCCCCS=O)=O)F)))))))cc6
CCCcccccc6N9CC=O)NCcccccc6)OCO5,CCCcccccc6N9C
C=CCNC=O)NCC=C)))CCcccccc6)))))))CO)CO)C7Ccccccc6,C=CCC
C=CCNC=O)C=Ccccc-cccccc6))))))o5))))))SC5=S,CCccccC)o5
CCCC)C=O)OCCCO)C=CC=CCC)CCCCCCO)CC=O)O6))))))))C6%10,CCC=CC=CCO)CCC)C6C%10CCCCCO)CC=O)O6
CCC)C)OC=O)CCCNC=O)OCcccccc6))))))))))C=O)O,CCcccccc6
CnnccccC=O)NccccF)cCl)c6))))))))ccc69,CNccccF)cCl)c6
CCCCNCCcc[nH]cccccOC))c96)))))))C6CC%10C=COC)))C=O)OC,CCOC
[H]C[H])[H])CO)CC=CCCO)CC=O)C5CCCCCCC=O)OC)))))))))))))))))C[H])[H])CCC,CCCCO)CC=O)C5CCCCCCCC)=O
COC=O)Ccccccc6))))))CCCCCN6Ccccncc6,CC=O)Ccccccc6))))))CCCCCN6C
N#Cccccnc6-ccccC=O)Ncccccc6N)))))))))cc6,CC=O)ccccC)cc6
COC=O)ccccOccccC=CSC=O)NC5=O)))))))cc6OC)))))))))cc6CF)F)F,CCccccC)cOC))c6
COC=O)CC=COC=O)ccccOC))nc6))))))))C=O)CC6C)CCCC=O)OCcccoc5)))))CC6%10C,COC=CCCC)=O))CC)CCCC=O)OCcccoc5)))))CC6C)C%10C%14=O
O=CCCccccO)cc6)))))))NC=O)CCNC=O)NCcccccc6)))))))))C6CN%10Ccccccccccc%106,CCcccccccccc%106
O=CCCcccccc6-cccccc6%13))))))))))))))NCCccccccF)cc6[nH]9))))))))))C=O)O,CC=O)CCcccccc6-cccccc6%13
COccccC=CC=O)C=CO)C=CccccOC))cOC))c6)))))))))))))cc6OC,CCccccOC))cOC))c6
CCCCOccccNC=O)CCNCCOCC6))))))C5=O))))))cc6,CCCC=O)NC)C5=O
CNC=O)cccnccCC)CNccc-ccncC)nc6))))))ncn6)))))))))cccc%106,CCCC)ccccccCC)=O))ccnc%106
N#CCC=O)NcccccCF)F)F))c6))))))))C=S)Ncccccc6Cl,CNcccccCF)F)F))c6
O=CNCCS))))CCccccF)cBr)c6)))))))=NO,CC=O)CCccccF)cBr)c6)))))))=NO
O=CCCNCCCC5)))))))Ncccccc6Cl,CCCCC)=O
OCCNCCNcccc-cncccn6)NCCCNCCOCC6)))))))))CC5))))))))cc6))))))CC6,CCCCNCCccncC)nc69
CCOC=O)NCCNCccccCl)cc6))))))cscncC)nn5c8O))))))))))CC6,CcncscCC)ccccCl)cc6)))))))cO)n5n8
